file,speaker,label,y_true,y_pred,score,dist
7.wav,Donald Trump,bona-fide,0,1,0.08308999,0.08409289
8.wav,Donald Trump,bona-fide,0,1,0.04738104,0.048383944
18.wav,Donald Trump,bona-fide,0,1,0.11828452,0.119287424
20.wav,Donald Trump,bona-fide,0,1,0.10200904,0.10301194
23.wav,Donald Trump,bona-fide,0,1,0.10165201,0.10265491
41.wav,Donald Trump,spoof,1,1,0.059419952,0.060422856
80.wav,Donald Trump,bona-fide,0,1,0.0532223,0.054225203
90.wav,Donald Trump,bona-fide,0,1,0.057439715,0.05844262
108.wav,Donald Trump,bona-fide,0,1,0.09257168,0.09357458
113.wav,Donald Trump,bona-fide,0,1,0.045078423,0.046081327
123.wav,Donald Trump,bona-fide,0,1,0.0768639,0.0778668
125.wav,Donald Trump,bona-fide,0,1,0.10745586,0.10845876
134.wav,Donald Trump,bona-fide,0,1,0.039386466,0.04038937
138.wav,Donald Trump,spoof,1,1,0.039095327,0.04009823
158.wav,Donald Trump,bona-fide,0,1,0.034510486,0.03551339
161.wav,Donald Trump,bona-fide,0,1,0.08134504,0.08234794
162.wav,Donald Trump,bona-fide,0,1,0.050531633,0.051534537
171.wav,Donald Trump,bona-fide,0,1,0.055459417,0.05646232
180.wav,Donald Trump,bona-fide,0,1,0.04977156,0.050774463
200.wav,Donald Trump,bona-fide,0,1,0.06317623,0.06417913
201.wav,Donald Trump,bona-fide,0,1,0.05579829,0.056801192
204.wav,Donald Trump,bona-fide,0,1,0.05833633,0.059339233
205.wav,Donald Trump,bona-fide,0,1,0.07162328,0.07262618
218.wav,Donald Trump,bona-fide,0,1,0.0761605,0.0771634
219.wav,Donald Trump,bona-fide,0,1,0.04135306,0.042355966
222.wav,Donald Trump,bona-fide,0,1,0.04744104,0.048443943
243.wav,Donald Trump,bona-fide,0,1,0.058633823,0.059636727
247.wav,Norm MacDonald,bona-fide,0,1,0.056234412,0.057237316
250.wav,Donald Trump,bona-fide,0,1,0.05213012,0.053133026
260.wav,Donald Trump,bona-fide,0,1,0.055651937,0.05665484
268.wav,Donald Trump,bona-fide,0,1,0.07999787,0.08100077
279.wav,Donald Trump,bona-fide,0,1,0.047815498,0.048818402
290.wav,Donald Trump,bona-fide,0,1,0.04072799,0.041730896
299.wav,Donald Trump,bona-fide,0,1,0.060337886,0.06134079
348.wav,Donald Trump,bona-fide,0,1,0.047137856,0.04814076
384.wav,Donald Trump,bona-fide,0,1,0.056092646,0.05709555
392.wav,Donald Trump,spoof,1,1,0.21525092,0.21625383
400.wav,Donald Trump,bona-fide,0,1,0.08902275,0.09002565
406.wav,Donald Trump,bona-fide,0,1,0.052481942,0.053484846
407.wav,Donald Trump,bona-fide,0,1,0.069725186,0.070728086
411.wav,Donald Trump,bona-fide,0,1,0.09488667,0.09588957
413.wav,Donald Trump,bona-fide,0,1,0.07387971,0.07488261
431.wav,Donald Trump,bona-fide,0,1,0.06732296,0.06832586
434.wav,Donald Trump,bona-fide,0,1,0.049390934,0.05039384
438.wav,Donald Trump,bona-fide,0,1,0.06834396,0.06934686
440.wav,Donald Trump,spoof,1,1,0.082165614,0.083168514
453.wav,Donald Trump,bona-fide,0,1,0.05099235,0.051995255
456.wav,Donald Trump,bona-fide,0,1,0.09289808,0.09390098
467.wav,Donald Trump,bona-fide,0,1,0.0798009,0.0808038
468.wav,Donald Trump,bona-fide,0,1,0.030792834,0.031795736
474.wav,Donald Trump,spoof,1,1,0.047709975,0.04871288
476.wav,Donald Trump,bona-fide,0,1,0.116565116,0.117568016
478.wav,Donald Trump,bona-fide,0,1,0.07808346,0.07908636
480.wav,Donald Trump,bona-fide,0,1,0.0558311,0.056834005
482.wav,Donald Trump,bona-fide,0,1,0.051798135,0.05280104
491.wav,Norm MacDonald,spoof,1,1,0.10006703,0.10106993
499.wav,Donald Trump,bona-fide,0,1,0.08052707,0.08152997
517.wav,Donald Trump,bona-fide,0,1,0.09940019,0.10040309
533.wav,Donald Trump,bona-fide,0,1,0.09358349,0.09458639
551.wav,Donald Trump,bona-fide,0,1,0.07679071,0.07779361
553.wav,Donald Trump,bona-fide,0,1,0.052284215,0.05328712
555.wav,Donald Trump,bona-fide,0,1,0.033904206,0.03490711
556.wav,Donald Trump,bona-fide,0,1,0.11833663,0.11933953
582.wav,Donald Trump,bona-fide,0,1,0.048993662,0.049996566
596.wav,Donald Trump,bona-fide,0,1,0.09369866,0.09470156
602.wav,Donald Trump,bona-fide,0,1,0.07593272,0.07693562
605.wav,Donald Trump,spoof,1,1,0.08849001,0.08949291
607.wav,Donald Trump,bona-fide,0,1,0.056695383,0.057698287
636.wav,Donald Trump,spoof,1,1,0.09556085,0.09656375
638.wav,Donald Trump,bona-fide,0,1,0.061297894,0.062300798
643.wav,Donald Trump,bona-fide,0,1,0.08546867,0.08647157
645.wav,Donald Trump,bona-fide,0,1,0.06908005,0.07008295
649.wav,Donald Trump,bona-fide,0,1,0.076843046,0.077845946
658.wav,Donald Trump,bona-fide,0,1,0.044476025,0.04547893
663.wav,Donald Trump,spoof,1,1,0.054798372,0.055801276
667.wav,Donald Trump,bona-fide,0,1,0.06355513,0.06455803
688.wav,Norm MacDonald,spoof,1,1,0.07647489,0.07747779
694.wav,Donald Trump,bona-fide,0,1,0.043932024,0.04493493
697.wav,Donald Trump,bona-fide,0,1,0.07858059,0.07958349
714.wav,Donald Trump,bona-fide,0,1,0.05289571,0.053898614
740.wav,Donald Trump,bona-fide,0,1,0.041621752,0.042624656
747.wav,Donald Trump,bona-fide,0,1,0.05313775,0.054140653
761.wav,Donald Trump,bona-fide,0,1,0.053786464,0.054789368
763.wav,Norm MacDonald,spoof,1,1,0.102925465,0.103928365
767.wav,Donald Trump,bona-fide,0,1,0.040889215,0.04189212
771.wav,Donald Trump,bona-fide,0,1,0.05654719,0.057550095
772.wav,Donald Trump,bona-fide,0,1,0.048002284,0.049005188
779.wav,Donald Trump,bona-fide,0,1,0.081647776,0.08265068
814.wav,Donald Trump,bona-fide,0,1,0.13768229,0.1386852
823.wav,Donald Trump,bona-fide,0,1,0.06992871,0.07093161
829.wav,Donald Trump,bona-fide,0,1,0.10259117,0.10359407
832.wav,Donald Trump,bona-fide,0,1,0.08741101,0.08841391
845.wav,Donald Trump,bona-fide,0,1,0.089754276,0.09075718
847.wav,Donald Trump,bona-fide,0,1,0.096665554,0.097668454
854.wav,Donald Trump,bona-fide,0,1,0.04627966,0.047282565
859.wav,Donald Trump,bona-fide,0,1,0.10015224,0.10115514
861.wav,Donald Trump,bona-fide,0,1,0.06532741,0.06633031
862.wav,Donald Trump,bona-fide,0,1,0.04801489,0.049017794
878.wav,Donald Trump,bona-fide,0,1,0.056211624,0.05721453
886.wav,Donald Trump,bona-fide,0,1,0.10915582,0.11015872
887.wav,Donald Trump,bona-fide,0,1,0.082218125,0.083221026
894.wav,Donald Trump,bona-fide,0,1,0.054865073,0.055867977
899.wav,Donald Trump,bona-fide,0,1,0.06283157,0.06383447
906.wav,Donald Trump,bona-fide,0,1,0.040194757,0.04119766
919.wav,Donald Trump,bona-fide,0,1,0.09514196,0.09614486
920.wav,Donald Trump,bona-fide,0,1,0.06129941,0.062302314
931.wav,Donald Trump,bona-fide,0,1,0.099872746,0.100875646
936.wav,Donald Trump,bona-fide,0,1,0.08259413,0.08359703
947.wav,Donald Trump,bona-fide,0,1,0.052704368,0.05370727
956.wav,Donald Trump,bona-fide,0,1,0.04809978,0.049102683
958.wav,Donald Trump,bona-fide,0,1,0.08013363,0.08113653
962.wav,Donald Trump,bona-fide,0,1,0.05327376,0.054276664
986.wav,Donald Trump,bona-fide,0,1,0.096948616,0.09795152
1001.wav,Donald Trump,bona-fide,0,1,0.056561124,0.057564028
1005.wav,Donald Trump,bona-fide,0,1,0.06727209,0.06827499
1007.wav,Donald Trump,bona-fide,0,1,0.063597426,0.064600326
1027.wav,Donald Trump,bona-fide,0,1,0.07887421,0.07987711
1029.wav,Donald Trump,bona-fide,0,1,0.09419691,0.09519981
1036.wav,Donald Trump,bona-fide,0,1,0.06340206,0.06440496
1045.wav,Donald Trump,bona-fide,0,1,0.046227306,0.04723021
1046.wav,Donald Trump,bona-fide,0,1,0.09846398,0.09946688
1057.wav,Donald Trump,bona-fide,0,1,0.07267163,0.07367453
1065.wav,Donald Trump,bona-fide,0,1,0.04970707,0.050709974
1075.wav,Donald Trump,bona-fide,0,1,0.063258335,0.064261235
1076.wav,Donald Trump,bona-fide,0,1,0.08841452,0.08941742
1085.wav,Donald Trump,bona-fide,0,1,0.054791313,0.055794217
1089.wav,Donald Trump,bona-fide,0,1,0.073686734,0.074689634
1094.wav,Donald Trump,bona-fide,0,1,0.08980316,0.09080606
1118.wav,Donald Trump,bona-fide,0,1,0.039435476,0.04043838
1143.wav,Donald Trump,bona-fide,0,1,0.07403013,0.07503303
1147.wav,Donald Trump,bona-fide,0,1,0.05618958,0.057192486
1153.wav,Donald Trump,bona-fide,0,1,0.08046912,0.08147202
1155.wav,Donald Trump,bona-fide,0,1,0.058737732,0.059740636
1166.wav,Donald Trump,bona-fide,0,1,0.04373271,0.044735614
1167.wav,Donald Trump,bona-fide,0,1,0.0754733,0.0764762
1176.wav,Donald Trump,bona-fide,0,1,0.062585466,0.063588366
1178.wav,Donald Trump,bona-fide,0,1,0.06946436,0.07046726
1180.wav,Donald Trump,bona-fide,0,1,0.06015162,0.061154526
1185.wav,Donald Trump,bona-fide,0,1,0.058206987,0.05920989
1192.wav,Donald Trump,bona-fide,0,1,0.10081031,0.10181321
1193.wav,Donald Trump,bona-fide,0,1,0.059345853,0.060348757
1199.wav,Donald Trump,bona-fide,0,1,0.039677437,0.04068034
1211.wav,Donald Trump,bona-fide,0,1,0.10068707,0.10168997
1215.wav,Donald Trump,bona-fide,0,1,0.10473954,0.10574244
1221.wav,Donald Trump,bona-fide,0,1,0.05560396,0.056606863
1225.wav,Norm MacDonald,spoof,1,1,0.086499825,0.087502725
1238.wav,Donald Trump,bona-fide,0,1,0.04668078,0.047683682
1244.wav,Donald Trump,spoof,1,1,0.055602606,0.05660551
1269.wav,Donald Trump,bona-fide,0,1,0.06300695,0.06400985
1278.wav,Donald Trump,bona-fide,0,1,0.041329607,0.04233251
1284.wav,Norm MacDonald,bona-fide,0,1,0.060892247,0.06189515
1287.wav,Donald Trump,bona-fide,0,1,0.06688583,0.06788873
1291.wav,Donald Trump,bona-fide,0,1,0.07493707,0.07593997
1296.wav,Donald Trump,bona-fide,0,1,0.14578807,0.14679098
1301.wav,Donald Trump,bona-fide,0,1,0.09068904,0.09169194
1303.wav,Donald Trump,bona-fide,0,1,0.043497812,0.044500716
1317.wav,Donald Trump,bona-fide,0,1,0.10789234,0.10889524
1330.wav,Donald Trump,bona-fide,0,1,0.057748195,0.0587511
1337.wav,Donald Trump,bona-fide,0,1,0.12948677,0.13048968
1362.wav,Donald Trump,bona-fide,0,1,0.09613169,0.09713459
1377.wav,Donald Trump,bona-fide,0,1,0.07357551,0.07457841
1379.wav,Donald Trump,bona-fide,0,1,0.0927514,0.0937543
1385.wav,Donald Trump,bona-fide,0,1,0.14341736,0.14442027
1397.wav,Norm MacDonald,spoof,1,1,0.08804393,0.08904683
1404.wav,Donald Trump,bona-fide,0,1,0.04135654,0.042359445
1408.wav,Donald Trump,bona-fide,0,1,0.053510465,0.05451337
1411.wav,Donald Trump,bona-fide,0,1,0.12067033,0.121673234
1415.wav,Donald Trump,bona-fide,0,1,0.059230577,0.06023348
1418.wav,Donald Trump,spoof,1,1,0.04606838,0.047071286
1419.wav,Donald Trump,bona-fide,0,1,0.08689086,0.08789376
1424.wav,Donald Trump,bona-fide,0,1,0.05571263,0.056715533
1429.wav,Donald Trump,bona-fide,0,1,0.088314004,0.089316905
1440.wav,Donald Trump,bona-fide,0,1,0.07146254,0.07246544
1449.wav,Donald Trump,bona-fide,0,1,0.047205675,0.04820858
1456.wav,Donald Trump,bona-fide,0,1,0.06839578,0.06939868
1460.wav,Donald Trump,bona-fide,0,1,0.0796989,0.0807018
1474.wav,Donald Trump,bona-fide,0,1,0.11224728,0.11325018
1477.wav,Donald Trump,bona-fide,0,1,0.06368411,0.06468701
1486.wav,Norm MacDonald,spoof,1,1,0.08929013,0.09029303
1492.wav,Donald Trump,bona-fide,0,1,0.07434245,0.07534535
1506.wav,Donald Trump,bona-fide,0,1,0.099268414,0.100271314
1513.wav,Donald Trump,bona-fide,0,1,0.057119116,0.05812202
1523.wav,Donald Trump,bona-fide,0,1,0.084519684,0.085522585
1549.wav,Donald Trump,bona-fide,0,1,0.047904458,0.048907362
1570.wav,Donald Trump,bona-fide,0,1,0.051062606,0.05206551
1578.wav,Donald Trump,bona-fide,0,1,0.14377639,0.1447793
1580.wav,Donald Trump,bona-fide,0,1,0.054439858,0.05544276
1589.wav,Donald Trump,bona-fide,0,1,0.068047985,0.069050886
1595.wav,Donald Trump,bona-fide,0,1,0.042116698,0.043119602
1617.wav,Donald Trump,bona-fide,0,1,0.097646594,0.098649494
1650.wav,Donald Trump,spoof,1,1,0.14419936,0.14520226
1658.wav,Donald Trump,bona-fide,0,1,0.056670908,0.057673812
1659.wav,Donald Trump,bona-fide,0,1,0.054964866,0.05596777
1666.wav,Donald Trump,bona-fide,0,1,0.057483982,0.058486886
1677.wav,Donald Trump,bona-fide,0,1,0.060457632,0.061460536
1681.wav,Donald Trump,bona-fide,0,1,0.074371405,0.075374305
1692.wav,Donald Trump,bona-fide,0,1,0.058619928,0.05962283
1701.wav,Donald Trump,bona-fide,0,1,0.098370574,0.099373475
1704.wav,Norm MacDonald,spoof,1,1,0.07224747,0.07325037
1713.wav,Donald Trump,bona-fide,0,1,0.04812556,0.049128465
1718.wav,Donald Trump,bona-fide,0,1,0.0854329,0.0864358
1723.wav,Donald Trump,bona-fide,0,1,0.057526994,0.0585299
1729.wav,Donald Trump,bona-fide,0,1,0.11145152,0.11245442
1738.wav,Donald Trump,bona-fide,0,1,0.07206427,0.07306717
1765.wav,Donald Trump,bona-fide,0,1,0.09904918,0.10005208
1775.wav,Donald Trump,bona-fide,0,1,0.090136625,0.091139525
1778.wav,Donald Trump,bona-fide,0,1,0.058010053,0.059012957
1781.wav,Donald Trump,bona-fide,0,1,0.060793206,0.06179611
1787.wav,Donald Trump,bona-fide,0,1,0.04701877,0.048021674
1802.wav,Donald Trump,bona-fide,0,1,0.050271247,0.05127415
1803.wav,Donald Trump,bona-fide,0,1,0.04172979,0.042732693
1815.wav,Donald Trump,spoof,1,1,0.079338335,0.080341235
1817.wav,Donald Trump,bona-fide,0,1,0.06828697,0.06928987
1820.wav,Donald Trump,bona-fide,0,1,0.050446015,0.05144892
1841.wav,Donald Trump,bona-fide,0,1,0.08720242,0.08820532
1857.wav,Donald Trump,bona-fide,0,1,0.06735824,0.06836114
1864.wav,Donald Trump,bona-fide,0,1,0.060664494,0.061667398
1865.wav,Donald Trump,bona-fide,0,1,0.075840436,0.076843336
1869.wav,Donald Trump,bona-fide,0,1,0.073610485,0.074613385
1871.wav,Donald Trump,bona-fide,0,1,0.053297475,0.05430038
1910.wav,Donald Trump,bona-fide,0,1,0.0558133,0.056816205
1927.wav,Donald Trump,bona-fide,0,1,0.089795835,0.090798736
1931.wav,Norm MacDonald,spoof,1,1,0.06466583,0.06566873
1961.wav,Donald Trump,bona-fide,0,1,0.061586205,0.06258911
1963.wav,Donald Trump,bona-fide,0,1,0.07971667,0.08071957
1973.wav,Donald Trump,bona-fide,0,1,0.03771338,0.038716283
1977.wav,Donald Trump,bona-fide,0,1,0.049446385,0.05044929
1994.wav,Donald Trump,bona-fide,0,1,0.05312634,0.054129243
1995.wav,Donald Trump,bona-fide,0,1,0.07577909,0.07678199
1999.wav,Donald Trump,bona-fide,0,1,0.07167933,0.07268223
2014.wav,Donald Trump,bona-fide,0,1,0.11002133,0.11102423
2018.wav,Donald Trump,bona-fide,0,1,0.05700857,0.058011472
2020.wav,Donald Trump,bona-fide,0,1,0.09742665,0.09842955
2031.wav,Norm MacDonald,spoof,1,1,0.07070038,0.07170328
2039.wav,Donald Trump,bona-fide,0,1,0.08907602,0.09007892
2041.wav,Donald Trump,bona-fide,0,1,0.05466815,0.055671055
2049.wav,Donald Trump,bona-fide,0,1,0.088265486,0.08926839
2057.wav,Donald Trump,bona-fide,0,1,0.046939947,0.04794285
2061.wav,Donald Trump,bona-fide,0,1,0.06383721,0.06484011
2064.wav,Donald Trump,bona-fide,0,1,0.046207536,0.04721044
2070.wav,Donald Trump,bona-fide,0,1,0.042052276,0.04305518
2072.wav,Donald Trump,bona-fide,0,1,0.051383514,0.052386418
2085.wav,Donald Trump,bona-fide,0,1,0.053361822,0.054364726
2097.wav,Donald Trump,spoof,1,1,0.04749531,0.048498213
2101.wav,Donald Trump,bona-fide,0,1,0.05319956,0.054202463
2102.wav,Donald Trump,bona-fide,0,1,0.05345426,0.054457165
2103.wav,Donald Trump,bona-fide,0,1,0.042719,0.043721903
2107.wav,Donald Trump,bona-fide,0,1,0.09213826,0.09314116
2111.wav,Donald Trump,bona-fide,0,1,0.051939107,0.05294201
2126.wav,Donald Trump,bona-fide,0,1,0.04999608,0.050998986
2135.wav,Donald Trump,bona-fide,0,1,0.07232399,0.07332689
2147.wav,Donald Trump,bona-fide,0,1,0.060908705,0.06191161
2151.wav,Norm MacDonald,spoof,1,1,0.12250711,0.12351001
2160.wav,Donald Trump,bona-fide,0,1,0.06900743,0.07001033
2173.wav,Donald Trump,bona-fide,0,1,0.09812452,0.09912742
2176.wav,Donald Trump,bona-fide,0,1,0.09954007,0.10054297
2178.wav,Donald Trump,bona-fide,0,1,0.05332323,0.054326136
2194.wav,Donald Trump,bona-fide,0,1,0.08442861,0.08543151
2211.wav,Norm MacDonald,spoof,1,1,0.09317853,0.09418143
2216.wav,Donald Trump,bona-fide,0,1,0.093941845,0.094944745
2219.wav,Donald Trump,bona-fide,0,1,0.057066802,0.058069706
2222.wav,Donald Trump,bona-fide,0,1,0.1304842,0.1314871
2234.wav,Donald Trump,bona-fide,0,1,0.05336142,0.054364324
2242.wav,Donald Trump,bona-fide,0,1,0.047302917,0.04830582
2249.wav,Norm MacDonald,spoof,1,1,0.06397901,0.06498191
2250.wav,Donald Trump,bona-fide,0,1,0.051324937,0.05232784
2254.wav,Donald Trump,bona-fide,0,1,0.050815795,0.0518187
2269.wav,Donald Trump,bona-fide,0,1,0.053376492,0.054379396
2288.wav,Donald Trump,bona-fide,0,1,0.06116303,0.062165935
2291.wav,Norm MacDonald,bona-fide,0,1,0.073406525,0.074409425
2294.wav,Donald Trump,bona-fide,0,1,0.11387801,0.11488091
2296.wav,Donald Trump,bona-fide,0,1,0.0669834,0.0679863
2304.wav,Donald Trump,bona-fide,0,1,0.081412196,0.0824151
2316.wav,Donald Trump,bona-fide,0,1,0.073089436,0.074092336
2327.wav,Donald Trump,spoof,1,1,0.05630863,0.057311535
2340.wav,Donald Trump,bona-fide,0,1,0.07274289,0.07374579
2343.wav,Norm MacDonald,bona-fide,0,1,0.055246323,0.056249227
2344.wav,Donald Trump,bona-fide,0,1,0.04956219,0.050565094
2352.wav,Donald Trump,bona-fide,0,1,0.096832894,0.097835794
2355.wav,Donald Trump,bona-fide,0,1,0.121560834,0.122563735
2363.wav,Donald Trump,spoof,1,1,0.059551712,0.060554616
2377.wav,Donald Trump,bona-fide,0,1,0.032231715,0.03323462
2386.wav,Donald Trump,bona-fide,0,1,0.1152332,0.1162361
2413.wav,Donald Trump,bona-fide,0,1,0.08935138,0.09035428
2418.wav,Donald Trump,bona-fide,0,1,0.061489385,0.06249229
2439.wav,Donald Trump,bona-fide,0,1,0.10259574,0.10359864
2446.wav,Donald Trump,bona-fide,0,1,0.055093534,0.05609644
2456.wav,Donald Trump,bona-fide,0,1,0.07111334,0.07211624
2466.wav,Donald Trump,bona-fide,0,1,0.044019684,0.04502259
2468.wav,Donald Trump,bona-fide,0,1,0.03904595,0.040048853
2473.wav,Donald Trump,bona-fide,0,1,0.061121617,0.06212452
2488.wav,Donald Trump,bona-fide,0,1,0.06958814,0.07059104
2497.wav,Donald Trump,bona-fide,0,1,0.060966257,0.06196916
2498.wav,Donald Trump,bona-fide,0,1,0.08282177,0.08382467
2501.wav,Donald Trump,bona-fide,0,1,0.045403548,0.04640645
2509.wav,Donald Trump,bona-fide,0,1,0.04946978,0.050472684
2530.wav,Donald Trump,bona-fide,0,1,0.09369378,0.09469668
2594.wav,Donald Trump,bona-fide,0,1,0.082158305,0.083161205
2596.wav,Donald Trump,bona-fide,0,1,0.08624138,0.08724428
2609.wav,Donald Trump,bona-fide,0,1,0.08660763,0.08761053
2611.wav,Donald Trump,bona-fide,0,1,0.059965625,0.06096853
2616.wav,Donald Trump,bona-fide,0,1,0.09610238,0.09710528
2632.wav,Donald Trump,bona-fide,0,1,0.061466463,0.062469367
2653.wav,Donald Trump,bona-fide,0,1,0.051601514,0.05260442
2662.wav,Donald Trump,bona-fide,0,1,0.25317654,0.25417945
2663.wav,Donald Trump,bona-fide,0,1,0.058633607,0.05963651
2678.wav,Donald Trump,bona-fide,0,1,0.072096065,0.073098965
2690.wav,Donald Trump,bona-fide,0,1,0.050016176,0.05101908
2739.wav,Donald Trump,bona-fide,0,1,0.06260529,0.06360819
2746.wav,Donald Trump,bona-fide,0,1,0.050184328,0.051187232
2755.wav,Donald Trump,bona-fide,0,1,0.058290027,0.05929293
2766.wav,Donald Trump,bona-fide,0,1,0.053630937,0.05463384
2769.wav,Donald Trump,bona-fide,0,1,0.10390291,0.104905814
2772.wav,Donald Trump,bona-fide,0,1,0.045240644,0.04624355
2782.wav,Donald Trump,bona-fide,0,1,0.09113592,0.09213882
2790.wav,Donald Trump,bona-fide,0,1,0.07867749,0.07968039
2794.wav,Donald Trump,bona-fide,0,1,0.11112372,0.11212662
2802.wav,Donald Trump,bona-fide,0,1,0.065505475,0.066508375
2806.wav,Donald Trump,bona-fide,0,1,0.07366024,0.07466314
2807.wav,Norm MacDonald,spoof,1,1,0.090198986,0.09120189
2808.wav,Donald Trump,bona-fide,0,1,0.14023253,0.14123544
2821.wav,Donald Trump,bona-fide,0,1,0.06435248,0.06535538
2823.wav,Donald Trump,bona-fide,0,1,0.04559464,0.046597544
2831.wav,Donald Trump,bona-fide,0,1,0.046391528,0.047394432
2839.wav,Donald Trump,bona-fide,0,1,0.08292973,0.08393263
2844.wav,Donald Trump,spoof,1,1,0.05655287,0.057555772
2853.wav,Donald Trump,bona-fide,0,1,0.04650376,0.047506664
2856.wav,Donald Trump,bona-fide,0,1,0.057589505,0.05859241
2862.wav,Donald Trump,bona-fide,0,1,0.054998066,0.05600097
2865.wav,Norm MacDonald,spoof,1,1,0.10515099,0.10615389
2871.wav,Donald Trump,bona-fide,0,1,0.052154355,0.05315726
2873.wav,Donald Trump,bona-fide,0,1,0.11082061,0.11182351
2874.wav,Donald Trump,bona-fide,0,1,0.111080155,0.112083055
2888.wav,Donald Trump,bona-fide,0,1,0.07232122,0.07332412
2902.wav,Donald Trump,bona-fide,0,1,0.05001995,0.051022854
2905.wav,Donald Trump,bona-fide,0,1,0.057369,0.058371905
2917.wav,Donald Trump,bona-fide,0,1,0.0733344,0.0743373
2926.wav,Donald Trump,bona-fide,0,1,0.057096295,0.0580992
2931.wav,Donald Trump,bona-fide,0,1,0.045434963,0.046437867
2934.wav,Donald Trump,bona-fide,0,1,0.07838249,0.07938539
2940.wav,Donald Trump,bona-fide,0,1,0.04567783,0.046680734
2962.wav,Donald Trump,bona-fide,0,1,0.04390997,0.044912875
2963.wav,Donald Trump,bona-fide,0,1,0.03994853,0.040951435
2965.wav,Donald Trump,bona-fide,0,1,0.081820875,0.082823776
2970.wav,Donald Trump,bona-fide,0,1,0.040802155,0.04180506
2975.wav,Donald Trump,bona-fide,0,1,0.106084935,0.107087836
2977.wav,Norm MacDonald,spoof,1,1,0.06245904,0.063461944
2986.wav,Donald Trump,bona-fide,0,1,0.09020135,0.09120425
2993.wav,Donald Trump,bona-fide,0,1,0.0401275,0.041130405
3001.wav,Donald Trump,bona-fide,0,1,0.07956342,0.08056632
3003.wav,Donald Trump,bona-fide,0,1,0.037647743,0.038650647
3024.wav,Donald Trump,bona-fide,0,1,0.16587171,0.16687462
3026.wav,Donald Trump,bona-fide,0,1,0.076061465,0.077064365
3027.wav,Donald Trump,bona-fide,0,1,0.07214688,0.07314978
3030.wav,Donald Trump,bona-fide,0,1,0.048795845,0.04979875
3031.wav,Donald Trump,bona-fide,0,1,0.09000195,0.09100485
3037.wav,Donald Trump,bona-fide,0,1,0.069583885,0.070586786
3051.wav,Donald Trump,bona-fide,0,1,0.04905383,0.050056733
3065.wav,Donald Trump,bona-fide,0,1,0.04494814,0.045951042
3069.wav,Donald Trump,bona-fide,0,1,0.09463559,0.09563849
3070.wav,Donald Trump,bona-fide,0,1,0.086446695,0.087449595
3078.wav,Donald Trump,bona-fide,0,1,0.051279332,0.052282237
3106.wav,Donald Trump,bona-fide,0,1,0.05340815,0.054411054
3107.wav,Donald Trump,bona-fide,0,1,0.053495165,0.05449807
3115.wav,Donald Trump,bona-fide,0,1,0.05459743,0.055600334
3117.wav,Donald Trump,bona-fide,0,1,0.07261564,0.07361854
3122.wav,Donald Trump,bona-fide,0,1,0.057321794,0.0583247
3124.wav,Donald Trump,bona-fide,0,1,0.059237525,0.06024043
3134.wav,Donald Trump,bona-fide,0,1,0.058707066,0.05970997
3137.wav,Donald Trump,bona-fide,0,1,0.07489277,0.07589567
3139.wav,Donald Trump,bona-fide,0,1,0.10956731,0.11057021
3152.wav,Donald Trump,bona-fide,0,1,0.06453609,0.06553899
3164.wav,Donald Trump,bona-fide,0,1,0.050399568,0.051402472
3178.wav,Donald Trump,bona-fide,0,1,0.092995174,0.093998075
3179.wav,Donald Trump,bona-fide,0,1,0.07890752,0.07991042
3189.wav,Donald Trump,bona-fide,0,1,0.052562334,0.053565238
3207.wav,Donald Trump,bona-fide,0,1,0.07287285,0.07387575
3209.wav,Donald Trump,bona-fide,0,1,0.14822304,0.14922595
3213.wav,Donald Trump,bona-fide,0,1,0.09521859,0.09622149
3222.wav,Donald Trump,bona-fide,0,1,0.048184555,0.04918746
3225.wav,Donald Trump,bona-fide,0,1,0.04297638,0.043979283
3258.wav,Donald Trump,bona-fide,0,1,0.07885423,0.07985713
3275.wav,Donald Trump,spoof,1,1,0.14186835,0.14287126
3287.wav,Donald Trump,bona-fide,0,1,0.04776332,0.048766226
3293.wav,Donald Trump,bona-fide,0,1,0.09942493,0.10042783
3295.wav,Donald Trump,bona-fide,0,1,0.06707412,0.06807702
3297.wav,Donald Trump,bona-fide,0,1,0.049662013,0.050664917
3305.wav,Donald Trump,bona-fide,0,1,0.03362906,0.034631964
3308.wav,Donald Trump,bona-fide,0,1,0.06785025,0.06885315
3315.wav,Donald Trump,bona-fide,0,1,0.06276555,0.063768454
3328.wav,Donald Trump,bona-fide,0,1,0.05632917,0.057332072
3341.wav,Donald Trump,bona-fide,0,1,0.07490823,0.07591113
3347.wav,Donald Trump,bona-fide,0,1,0.11843956,0.11944246
3350.wav,Donald Trump,bona-fide,0,1,0.05042111,0.051424015
3378.wav,Donald Trump,bona-fide,0,1,0.08879025,0.08979315
3387.wav,Donald Trump,bona-fide,0,1,0.06992152,0.07092442
3390.wav,Donald Trump,bona-fide,0,1,0.08994432,0.09094722
3392.wav,Donald Trump,bona-fide,0,1,0.06869292,0.06969582
3393.wav,Donald Trump,bona-fide,0,1,0.08376737,0.08477027
3414.wav,Donald Trump,bona-fide,0,1,0.07987757,0.08088047
3436.wav,Donald Trump,bona-fide,0,1,0.045698054,0.04670096
3446.wav,Donald Trump,bona-fide,0,1,0.06598327,0.06698617
3458.wav,Donald Trump,bona-fide,0,1,0.06851607,0.06951897
3465.wav,Donald Trump,bona-fide,0,1,0.07190273,0.07290563
3471.wav,Donald Trump,bona-fide,0,1,0.07088564,0.07188854
3473.wav,Donald Trump,bona-fide,0,1,0.05686265,0.057865553
3477.wav,Donald Trump,bona-fide,0,1,0.048806813,0.049809717
3480.wav,Donald Trump,bona-fide,0,1,0.052293092,0.053295996
3487.wav,Donald Trump,bona-fide,0,1,0.059002753,0.060005657
3497.wav,Donald Trump,bona-fide,0,1,0.09630433,0.09730723
3498.wav,Donald Trump,bona-fide,0,1,0.060054295,0.0610572
3519.wav,Donald Trump,bona-fide,0,1,0.070866674,0.071869574
3520.wav,Norm MacDonald,bona-fide,0,1,0.08015667,0.08115957
3524.wav,Donald Trump,bona-fide,0,1,0.035086066,0.03608897
3528.wav,Donald Trump,bona-fide,0,1,0.03776882,0.038771722
3529.wav,Donald Trump,bona-fide,0,1,0.055926964,0.056929868
3535.wav,Norm MacDonald,spoof,1,1,0.07731986,0.07832276
3540.wav,Donald Trump,bona-fide,0,1,0.4154812,0.41648412
3548.wav,Donald Trump,bona-fide,0,1,0.06305744,0.06406034
3563.wav,Norm MacDonald,spoof,1,1,0.07038309,0.07138599
3569.wav,Donald Trump,bona-fide,0,1,0.10509298,0.10609588
3576.wav,Donald Trump,bona-fide,0,1,0.11374138,0.11474428
3580.wav,Donald Trump,bona-fide,0,1,0.05528616,0.056289066
3600.wav,Donald Trump,bona-fide,0,1,0.04865908,0.049661983
3622.wav,Donald Trump,bona-fide,0,1,0.097720705,0.098723605
3631.wav,Donald Trump,bona-fide,0,1,0.083705395,0.084708296
3636.wav,Donald Trump,bona-fide,0,1,0.035055637,0.03605854
3660.wav,Donald Trump,bona-fide,0,1,0.046408016,0.04741092
3664.wav,Donald Trump,bona-fide,0,1,0.0475546,0.048557505
3685.wav,Donald Trump,bona-fide,0,1,0.059666637,0.06066954
3688.wav,Donald Trump,bona-fide,0,1,0.07562834,0.07663124
3700.wav,Donald Trump,bona-fide,0,1,0.12715894,0.12816185
3715.wav,Donald Trump,bona-fide,0,1,0.03674499,0.037747893
3721.wav,Donald Trump,bona-fide,0,1,0.06486031,0.06586321
3738.wav,Donald Trump,bona-fide,0,1,0.08634112,0.08734402
3741.wav,Donald Trump,bona-fide,0,1,0.050934315,0.05193722
3756.wav,Donald Trump,bona-fide,0,1,0.05768173,0.058684632
3761.wav,Donald Trump,bona-fide,0,1,0.052584764,0.053587668
3772.wav,Donald Trump,bona-fide,0,1,0.053707253,0.054710157
3799.wav,Donald Trump,bona-fide,0,1,0.039651148,0.040654052
3805.wav,Donald Trump,bona-fide,0,1,0.057472546,0.05847545
3808.wav,Donald Trump,bona-fide,0,1,0.06517925,0.06618215
3811.wav,Donald Trump,bona-fide,0,1,0.12939394,0.13039684
3813.wav,Donald Trump,bona-fide,0,1,0.06411779,0.06512069
3814.wav,Donald Trump,bona-fide,0,1,0.08259942,0.08360232
3816.wav,Donald Trump,bona-fide,0,1,0.049873102,0.050876006
3829.wav,Donald Trump,bona-fide,0,1,0.06988219,0.07088509
3830.wav,Donald Trump,bona-fide,0,1,0.049423315,0.05042622
3837.wav,Donald Trump,bona-fide,0,1,0.06048906,0.061491963
3839.wav,Donald Trump,bona-fide,0,1,0.09176796,0.09277086
3848.wav,Donald Trump,bona-fide,0,1,0.109262355,0.110265255
3856.wav,Donald Trump,bona-fide,0,1,0.038688075,0.03969098
3860.wav,Donald Trump,bona-fide,0,1,0.067635015,0.068637915
3870.wav,Donald Trump,bona-fide,0,1,0.054750152,0.055753056
3872.wav,Donald Trump,bona-fide,0,1,0.067895696,0.068898596
3878.wav,Donald Trump,bona-fide,0,1,0.11371791,0.114720814
3888.wav,Donald Trump,bona-fide,0,1,0.10914945,0.11015235
3893.wav,Norm MacDonald,bona-fide,0,1,0.05888779,0.059890695
3919.wav,Donald Trump,bona-fide,0,1,0.078461066,0.079463966
3924.wav,Donald Trump,bona-fide,0,1,0.0388577,0.039860602
3925.wav,Donald Trump,bona-fide,0,1,0.07921567,0.08021857
3928.wav,Donald Trump,bona-fide,0,1,0.057987463,0.058990367
3937.wav,Donald Trump,bona-fide,0,1,0.05054596,0.051548865
3951.wav,Donald Trump,bona-fide,0,1,0.047639202,0.048642106
3956.wav,Donald Trump,bona-fide,0,1,0.1138651,0.114868
3969.wav,Donald Trump,bona-fide,0,1,0.12450848,0.12551138
3991.wav,Donald Trump,bona-fide,0,1,0.0628239,0.0638268
3995.wav,Donald Trump,bona-fide,0,1,0.10667098,0.10767388
4005.wav,Donald Trump,bona-fide,0,1,0.06806703,0.06906993
4030.wav,Donald Trump,bona-fide,0,1,0.09822197,0.09922487
4037.wav,Donald Trump,bona-fide,0,1,0.07624403,0.07724693
4040.wav,Donald Trump,bona-fide,0,1,0.057004638,0.058007542
4054.wav,Donald Trump,bona-fide,0,1,0.05481024,0.055813145
4077.wav,Donald Trump,bona-fide,0,1,0.053174052,0.054176956
4078.wav,Donald Trump,bona-fide,0,1,0.07984203,0.08084493
4106.wav,Donald Trump,bona-fide,0,1,0.07177244,0.07277534
4109.wav,Donald Trump,bona-fide,0,1,0.04840038,0.049403284
4117.wav,Donald Trump,bona-fide,0,1,0.09458905,0.09559195
4124.wav,Donald Trump,bona-fide,0,1,0.098861426,0.09986433
4132.wav,Donald Trump,bona-fide,0,1,0.088291004,0.089293905
4143.wav,Norm MacDonald,spoof,1,1,0.10271544,0.10371834
4146.wav,Donald Trump,bona-fide,0,1,0.0710572,0.0720601
4149.wav,Donald Trump,bona-fide,0,1,0.08309563,0.08409853
4177.wav,Donald Trump,bona-fide,0,1,0.096266076,0.097268976
4179.wav,Donald Trump,bona-fide,0,1,0.06283612,0.06383902
4198.wav,Donald Trump,bona-fide,0,1,0.11662924,0.11763214
4200.wav,Donald Trump,bona-fide,0,1,0.047065616,0.04806852
4204.wav,Donald Trump,bona-fide,0,1,0.06731902,0.06832192
4207.wav,Donald Trump,bona-fide,0,1,0.048201382,0.049204286
4209.wav,Donald Trump,bona-fide,0,1,0.053747654,0.054750558
4211.wav,Donald Trump,bona-fide,0,1,0.06266269,0.06366559
4242.wav,Donald Trump,bona-fide,0,1,0.058081023,0.059083927
4259.wav,Donald Trump,bona-fide,0,1,0.108296886,0.10929979
4281.wav,Donald Trump,bona-fide,0,1,0.06230675,0.063309655
4312.wav,Donald Trump,bona-fide,0,1,0.072141565,0.073144466
4319.wav,Donald Trump,bona-fide,0,1,0.070634276,0.071637176
4323.wav,Donald Trump,bona-fide,0,1,0.112979054,0.113981955
4335.wav,Donald Trump,bona-fide,0,1,0.048202403,0.049205307
4378.wav,Donald Trump,bona-fide,0,1,0.09459989,0.09560279
4397.wav,Donald Trump,bona-fide,0,1,0.11389321,0.11489611
4398.wav,Donald Trump,bona-fide,0,1,0.050362233,0.051365137
4400.wav,Donald Trump,bona-fide,0,1,0.04905952,0.050062425
4403.wav,Donald Trump,bona-fide,0,1,0.11432528,0.11532818
4418.wav,Donald Trump,bona-fide,0,1,0.051622678,0.05262558
4421.wav,Donald Trump,bona-fide,0,1,0.0629881,0.063991
4422.wav,Donald Trump,bona-fide,0,1,0.07252261,0.07352551
4438.wav,Donald Trump,bona-fide,0,1,0.122272104,0.123275004
4439.wav,Donald Trump,bona-fide,0,1,0.11866688,0.11966978
4444.wav,Donald Trump,spoof,1,1,0.07730934,0.07831224
4471.wav,Donald Trump,bona-fide,0,1,0.07007575,0.07107865
4472.wav,Donald Trump,bona-fide,0,1,0.07581756,0.07682046
4474.wav,Donald Trump,bona-fide,0,1,0.057041254,0.058044158
4477.wav,Donald Trump,bona-fide,0,1,0.07299387,0.07399677
4480.wav,Donald Trump,bona-fide,0,1,0.12053436,0.12153726
4494.wav,Donald Trump,bona-fide,0,1,0.12956063,0.13056354
4503.wav,Donald Trump,bona-fide,0,1,0.064231984,0.065234885
4504.wav,Donald Trump,bona-fide,0,1,0.118909486,0.119912386
4513.wav,Donald Trump,bona-fide,0,1,0.071382575,0.072385475
4516.wav,Donald Trump,bona-fide,0,1,0.03447105,0.035473954
4519.wav,Donald Trump,bona-fide,0,1,0.11275174,0.11375464
4522.wav,Donald Trump,bona-fide,0,1,0.06507355,0.06607645
4529.wav,Donald Trump,bona-fide,0,1,0.063079104,0.064082004
4540.wav,Donald Trump,bona-fide,0,1,0.09472281,0.09572571
4544.wav,Donald Trump,bona-fide,0,1,0.054049283,0.055052187
4567.wav,Donald Trump,bona-fide,0,1,0.06801723,0.06902013
4582.wav,Donald Trump,bona-fide,0,1,0.08012717,0.08113007
4588.wav,Donald Trump,bona-fide,0,1,0.072619595,0.073622495
4603.wav,Donald Trump,bona-fide,0,1,0.0592797,0.060282603
4610.wav,Donald Trump,bona-fide,0,1,0.05296551,0.053968415
4616.wav,Donald Trump,bona-fide,0,1,0.12213121,0.123134114
4623.wav,Donald Trump,bona-fide,0,1,0.0406939,0.041696806
4624.wav,Donald Trump,bona-fide,0,1,0.04882637,0.049829274
4627.wav,Donald Trump,bona-fide,0,1,0.04673693,0.047739834
4654.wav,Donald Trump,bona-fide,0,1,0.11422973,0.11523263
4655.wav,Donald Trump,bona-fide,0,1,0.057850115,0.05885302
4666.wav,Donald Trump,bona-fide,0,1,0.05842009,0.059422992
4673.wav,Donald Trump,bona-fide,0,1,0.06953573,0.07053863
4681.wav,Donald Trump,bona-fide,0,1,0.043466374,0.04446928
4697.wav,Donald Trump,bona-fide,0,1,0.0752123,0.0762152
4701.wav,Donald Trump,bona-fide,0,1,0.06901026,0.07001316
4714.wav,Donald Trump,bona-fide,0,1,0.0898403,0.0908432
4728.wav,Donald Trump,bona-fide,0,1,0.08367751,0.08468041
4761.wav,Donald Trump,bona-fide,0,1,0.055962365,0.05696527
4767.wav,Donald Trump,bona-fide,0,1,0.08769313,0.08869603
4775.wav,Donald Trump,bona-fide,0,1,0.05076454,0.051767442
4778.wav,Donald Trump,bona-fide,0,1,0.046132516,0.04713542
4796.wav,Donald Trump,bona-fide,0,1,0.09596127,0.09696417
4816.wav,Donald Trump,bona-fide,0,1,0.07394889,0.07495179
4830.wav,Donald Trump,bona-fide,0,1,0.08906824,0.09007114
4841.wav,Donald Trump,bona-fide,0,1,0.05311164,0.054114543
4850.wav,Donald Trump,bona-fide,0,1,0.049665418,0.05066832
4856.wav,Norm MacDonald,spoof,1,1,0.11973231,0.12073521
4865.wav,Donald Trump,bona-fide,0,1,0.07891998,0.07992288
4866.wav,Donald Trump,bona-fide,0,1,0.04512545,0.046128355
4873.wav,Donald Trump,bona-fide,0,1,0.051516846,0.05251975
4877.wav,Donald Trump,bona-fide,0,1,0.06343454,0.06443744
4883.wav,Donald Trump,bona-fide,0,1,0.0567876,0.057790503
4940.wav,Donald Trump,bona-fide,0,1,0.09819445,0.09919735
4942.wav,Donald Trump,bona-fide,0,1,0.06517179,0.06617469
4953.wav,Donald Trump,bona-fide,0,1,0.042680345,0.04368325
4961.wav,Donald Trump,bona-fide,0,1,0.06133003,0.062332936
4962.wav,Donald Trump,spoof,1,1,0.05446755,0.055470455
4966.wav,Donald Trump,bona-fide,0,1,0.0633349,0.0643378
4979.wav,Donald Trump,bona-fide,0,1,0.07072394,0.07172684
5033.wav,Donald Trump,spoof,1,1,0.049729586,0.05073249
5045.wav,Donald Trump,bona-fide,0,1,0.058276165,0.05927907
5047.wav,Donald Trump,bona-fide,0,1,0.06543785,0.06644075
5050.wav,Norm MacDonald,spoof,1,1,0.08599796,0.08700086
5056.wav,Donald Trump,bona-fide,0,1,0.03165486,0.032657765
5057.wav,Donald Trump,spoof,1,1,0.1947172,0.1957201
5065.wav,Donald Trump,bona-fide,0,1,0.056384783,0.057387687
5066.wav,Donald Trump,bona-fide,0,1,0.06809329,0.06909619
5074.wav,Donald Trump,bona-fide,0,1,0.111176,0.1121789
5080.wav,Donald Trump,bona-fide,0,1,0.0709796,0.0719825
5082.wav,Donald Trump,bona-fide,0,1,0.06920669,0.07020959
5084.wav,Donald Trump,bona-fide,0,1,0.049898073,0.050900977
5087.wav,Donald Trump,bona-fide,0,1,0.072399125,0.073402025
5107.wav,Donald Trump,bona-fide,0,1,0.06965842,0.07066132
5109.wav,Donald Trump,bona-fide,0,1,0.04875906,0.049761966
5130.wav,Norm MacDonald,spoof,1,1,0.065818906,0.066821806
5137.wav,Donald Trump,bona-fide,0,1,0.07648442,0.07748732
5140.wav,Donald Trump,bona-fide,0,1,0.06015103,0.061153933
5156.wav,Donald Trump,bona-fide,0,1,0.04980854,0.050811443
5157.wav,Donald Trump,bona-fide,0,1,0.04474006,0.045742963
5159.wav,Norm MacDonald,spoof,1,1,0.117980815,0.118983716
5161.wav,Donald Trump,bona-fide,0,1,0.07803413,0.07903703
5174.wav,Donald Trump,bona-fide,0,1,0.06251262,0.06351552
5182.wav,Donald Trump,bona-fide,0,1,0.10922792,0.11023082
5192.wav,Donald Trump,bona-fide,0,1,0.045929313,0.046932217
5199.wav,Donald Trump,bona-fide,0,1,0.051866,0.052868903
5206.wav,Donald Trump,bona-fide,0,1,0.08861204,0.08961494
5208.wav,Donald Trump,bona-fide,0,1,0.043720488,0.04472339
5216.wav,Donald Trump,bona-fide,0,1,0.04877238,0.049775284
5225.wav,Donald Trump,bona-fide,0,1,0.081141666,0.082144566
5226.wav,Donald Trump,bona-fide,0,1,0.09028137,0.09128427
5238.wav,Donald Trump,bona-fide,0,1,0.070837066,0.071839966
5244.wav,Donald Trump,bona-fide,0,1,0.0644448,0.0654477
5253.wav,Donald Trump,bona-fide,0,1,0.08104869,0.08205159
5265.wav,Donald Trump,bona-fide,0,1,0.087770775,0.088773675
5274.wav,Donald Trump,bona-fide,0,1,0.06404024,0.065043144
5284.wav,Donald Trump,bona-fide,0,1,0.062061425,0.06306433
5300.wav,Donald Trump,bona-fide,0,1,0.09852231,0.09952521
5314.wav,Donald Trump,bona-fide,0,1,0.058552016,0.05955492
5321.wav,Donald Trump,bona-fide,0,1,0.06739018,0.06839308
5331.wav,Donald Trump,bona-fide,0,1,0.05702478,0.058027685
5334.wav,Donald Trump,bona-fide,0,1,0.06560945,0.06661235
5341.wav,Donald Trump,bona-fide,0,1,0.082242005,0.083244905
5352.wav,Donald Trump,bona-fide,0,1,0.070014454,0.071017355
5353.wav,Donald Trump,bona-fide,0,1,0.10477898,0.10578188
5364.wav,Donald Trump,bona-fide,0,1,0.04395588,0.044958785
5368.wav,Donald Trump,bona-fide,0,1,0.073299915,0.074302815
5375.wav,Donald Trump,bona-fide,0,1,0.059668187,0.06067109
5378.wav,Donald Trump,bona-fide,0,1,0.07614973,0.07715263
5381.wav,Donald Trump,bona-fide,0,1,0.080040134,0.081043035
5384.wav,Donald Trump,bona-fide,0,1,0.04351402,0.044516925
5412.wav,Donald Trump,bona-fide,0,1,0.094536625,0.095539525
5418.wav,Donald Trump,bona-fide,0,1,0.083579086,0.084581986
5429.wav,Donald Trump,bona-fide,0,1,0.061971653,0.06297456
5433.wav,Donald Trump,bona-fide,0,1,0.079739965,0.080742866
5434.wav,Donald Trump,spoof,1,1,0.14300604,0.14400895
5446.wav,Donald Trump,bona-fide,0,1,0.06281221,0.06381511
5447.wav,Donald Trump,bona-fide,0,1,0.084607944,0.085610844
5448.wav,Donald Trump,bona-fide,0,1,0.06501714,0.06602004
5472.wav,Donald Trump,bona-fide,0,1,0.047522366,0.04852527
5477.wav,Donald Trump,bona-fide,0,1,0.05144562,0.052448522
5492.wav,Donald Trump,bona-fide,0,1,0.07041994,0.07142284
5496.wav,Donald Trump,bona-fide,0,1,0.05704839,0.058051296
5521.wav,Donald Trump,bona-fide,0,1,0.052810717,0.05381362
5524.wav,Donald Trump,bona-fide,0,1,0.05793345,0.058936354
5527.wav,Donald Trump,bona-fide,0,1,0.068806134,0.069809034
5550.wav,Donald Trump,bona-fide,0,1,0.07956923,0.08057213
5563.wav,Donald Trump,bona-fide,0,1,0.04630038,0.047303285
5567.wav,Donald Trump,bona-fide,0,1,0.05616257,0.057165474
5572.wav,Donald Trump,bona-fide,0,1,0.09061156,0.09161446
5596.wav,Donald Trump,bona-fide,0,1,0.05773547,0.058738373
5601.wav,Donald Trump,bona-fide,0,1,0.03422317,0.035226073
5607.wav,Donald Trump,bona-fide,0,1,0.093564995,0.094567895
5612.wav,Donald Trump,bona-fide,0,1,0.08131689,0.08231979
5613.wav,Donald Trump,bona-fide,0,1,0.10728728,0.10829018
5649.wav,Donald Trump,bona-fide,0,1,0.060231037,0.06123394
5656.wav,Donald Trump,bona-fide,0,1,0.06584731,0.06685021
5673.wav,Donald Trump,bona-fide,0,1,0.06430136,0.06530426
5675.wav,Donald Trump,bona-fide,0,1,0.07439709,0.07539999
5677.wav,Donald Trump,bona-fide,0,1,0.06827588,0.06927878
5685.wav,Donald Trump,bona-fide,0,1,0.0576977,0.058700603
5687.wav,Norm MacDonald,spoof,1,1,0.11588799,0.11689089
5695.wav,Donald Trump,bona-fide,0,1,0.04905015,0.050053053
5696.wav,Donald Trump,bona-fide,0,1,0.06443761,0.06544051
5704.wav,Donald Trump,bona-fide,0,1,0.09673492,0.09773782
5714.wav,Donald Trump,bona-fide,0,1,0.0675912,0.0685941
5720.wav,Donald Trump,bona-fide,0,1,0.05121385,0.052216753
5728.wav,Donald Trump,bona-fide,0,1,0.11802168,0.11902458
5732.wav,Donald Trump,bona-fide,0,1,0.06875288,0.06975578
5736.wav,Donald Trump,bona-fide,0,1,0.08556652,0.08656942
5737.wav,Donald Trump,bona-fide,0,1,0.118287675,0.119290575
5742.wav,Donald Trump,bona-fide,0,1,0.040437903,0.041440807
5744.wav,Donald Trump,bona-fide,0,1,0.08951178,0.09051468
5746.wav,Donald Trump,bona-fide,0,1,0.07091025,0.07191315
5752.wav,Donald Trump,bona-fide,0,1,0.10468908,0.10569198
5755.wav,Donald Trump,bona-fide,0,1,0.052108582,0.053111486
5765.wav,Donald Trump,bona-fide,0,1,0.06262605,0.06362895
5797.wav,Donald Trump,bona-fide,0,1,0.06634713,0.06735003
5809.wav,Donald Trump,bona-fide,0,1,0.07811745,0.07912035
5837.wav,Donald Trump,bona-fide,0,1,0.0543112,0.055314105
5841.wav,Donald Trump,bona-fide,0,1,0.07280807,0.07381097
5856.wav,Donald Trump,spoof,1,1,0.07689182,0.07789472
5857.wav,Donald Trump,bona-fide,0,1,0.079032995,0.080035895
5860.wav,Donald Trump,bona-fide,0,1,0.084079824,0.085082725
5871.wav,Donald Trump,bona-fide,0,1,0.044754554,0.045757458
5883.wav,Donald Trump,bona-fide,0,1,0.10134286,0.10234576
5892.wav,Donald Trump,bona-fide,0,1,0.048007585,0.04901049
5901.wav,Donald Trump,bona-fide,0,1,0.06339201,0.06439491
5929.wav,Donald Trump,bona-fide,0,1,0.059435457,0.06043836
5934.wav,Donald Trump,bona-fide,0,1,0.069721475,0.070724376
5941.wav,Donald Trump,bona-fide,0,1,0.0791816,0.0801845
5956.wav,Donald Trump,bona-fide,0,1,0.1201802,0.1211831
5961.wav,Donald Trump,bona-fide,0,1,0.112053245,0.113056146
5962.wav,Donald Trump,bona-fide,0,1,0.10721719,0.10822009
5968.wav,Donald Trump,bona-fide,0,1,0.058991045,0.05999395
5969.wav,Donald Trump,bona-fide,0,1,0.056529135,0.05753204
5978.wav,Donald Trump,bona-fide,0,1,0.052227233,0.053230137
5982.wav,Donald Trump,bona-fide,0,1,0.043195486,0.04419839
5988.wav,Donald Trump,bona-fide,0,1,0.086629026,0.087631926
6009.wav,Donald Trump,bona-fide,0,1,0.050688982,0.051691886
6016.wav,Donald Trump,bona-fide,0,1,0.06385806,0.06486096
6024.wav,Donald Trump,bona-fide,0,1,0.04246438,0.043467283
6027.wav,Donald Trump,bona-fide,0,1,0.13694799,0.1379509
6036.wav,Donald Trump,bona-fide,0,1,0.057516206,0.05851911
6039.wav,Donald Trump,bona-fide,0,1,0.06447519,0.065478094
6050.wav,Donald Trump,bona-fide,0,1,0.057591833,0.058594737
6059.wav,Donald Trump,bona-fide,0,1,0.08306385,0.08406675
6074.wav,Donald Trump,bona-fide,0,1,0.04137078,0.042373683
6103.wav,Donald Trump,bona-fide,0,1,0.07006024,0.07106314
6107.wav,Donald Trump,bona-fide,0,1,0.10591469,0.10691759
6109.wav,Donald Trump,bona-fide,0,1,0.085142285,0.086145185
6112.wav,Donald Trump,bona-fide,0,1,0.061769534,0.06277244
6121.wav,Donald Trump,bona-fide,0,1,0.107199885,0.108202785
6127.wav,Donald Trump,bona-fide,0,1,0.054522183,0.055525087
6138.wav,Donald Trump,bona-fide,0,1,0.05117446,0.052177366
6139.wav,Donald Trump,bona-fide,0,1,0.10159507,0.10259797
6142.wav,Donald Trump,bona-fide,0,1,0.107326895,0.108329795
6153.wav,Donald Trump,bona-fide,0,1,0.068334565,0.069337465
6156.wav,Donald Trump,bona-fide,0,1,0.060732253,0.061735157
6165.wav,Donald Trump,bona-fide,0,1,0.046132576,0.04713548
6169.wav,Donald Trump,bona-fide,0,1,0.058982864,0.059985768
6188.wav,Donald Trump,bona-fide,0,1,0.04436105,0.045363955
6190.wav,Donald Trump,bona-fide,0,1,0.09268097,0.09368387
6192.wav,Donald Trump,bona-fide,0,1,0.06603202,0.06703492
6194.wav,Donald Trump,bona-fide,0,1,0.03954986,0.040552765
6197.wav,Donald Trump,bona-fide,0,1,0.08025095,0.08125385
6204.wav,Donald Trump,bona-fide,0,1,0.07037611,0.07137901
6208.wav,Donald Trump,bona-fide,0,1,0.09965118,0.10065408
6215.wav,Donald Trump,bona-fide,0,1,0.098058484,0.099061385
6224.wav,Donald Trump,bona-fide,0,1,0.071988426,0.07299133
6229.wav,Donald Trump,bona-fide,0,1,0.08079484,0.08179774
6233.wav,Donald Trump,bona-fide,0,1,0.055285856,0.05628876
6252.wav,Norm MacDonald,bona-fide,0,1,0.11280019,0.11380309
6272.wav,Donald Trump,bona-fide,0,1,0.10721284,0.10821574
6274.wav,Donald Trump,bona-fide,0,1,0.062150184,0.06315309
6300.wav,Donald Trump,bona-fide,0,1,0.06551231,0.06651521
6308.wav,Donald Trump,bona-fide,0,1,0.13034411,0.13134702
6310.wav,Donald Trump,bona-fide,0,1,0.09036783,0.09137073
6312.wav,Donald Trump,spoof,1,1,0.08704586,0.08804876
6330.wav,Donald Trump,bona-fide,0,1,0.07005978,0.07106268
6336.wav,Donald Trump,bona-fide,0,1,0.058790725,0.05979363
6346.wav,Donald Trump,bona-fide,0,1,0.09172062,0.09272352
6353.wav,Donald Trump,bona-fide,0,1,0.048763875,0.04976678
6364.wav,Donald Trump,bona-fide,0,1,0.04276074,0.043763645
6370.wav,Donald Trump,bona-fide,0,1,0.06728307,0.06828597
6386.wav,Donald Trump,bona-fide,0,1,0.052848864,0.05385177
6387.wav,Donald Trump,bona-fide,0,1,0.111653045,0.112655945
6399.wav,Donald Trump,bona-fide,0,1,0.041703265,0.04270617
6401.wav,Donald Trump,bona-fide,0,1,0.08150588,0.08250878
6409.wav,Donald Trump,bona-fide,0,1,0.12575833,0.12676124
6413.wav,Donald Trump,bona-fide,0,1,0.056540556,0.05754346
6424.wav,Donald Trump,bona-fide,0,1,0.08636013,0.08736303
6451.wav,Donald Trump,bona-fide,0,1,0.055342566,0.05634547
6453.wav,Donald Trump,bona-fide,0,1,0.05725868,0.058261584
6477.wav,Norm MacDonald,spoof,1,1,0.11210347,0.11310637
6479.wav,Donald Trump,bona-fide,0,1,0.06250274,0.06350564
6487.wav,Donald Trump,bona-fide,0,1,0.047753002,0.048755907
6493.wav,Donald Trump,bona-fide,0,1,0.06060814,0.061611045
6505.wav,Donald Trump,bona-fide,0,1,0.045338202,0.046341106
6509.wav,Donald Trump,bona-fide,0,1,0.0381457,0.039148603
6513.wav,Donald Trump,bona-fide,0,1,0.052839566,0.05384247
6518.wav,Donald Trump,bona-fide,0,1,0.10263728,0.103640184
6546.wav,Donald Trump,bona-fide,0,1,0.05382891,0.054831814
6575.wav,Donald Trump,bona-fide,0,1,0.08067615,0.08167905
6576.wav,Donald Trump,bona-fide,0,1,0.074700154,0.075703055
6582.wav,Donald Trump,bona-fide,0,1,0.08623482,0.08723772
6586.wav,Donald Trump,bona-fide,0,1,0.054658864,0.055661768
6598.wav,Donald Trump,bona-fide,0,1,0.06087388,0.061876785
6605.wav,Donald Trump,bona-fide,0,1,0.07564205,0.07664495
6659.wav,Donald Trump,bona-fide,0,1,0.059191335,0.06019424
6660.wav,Donald Trump,bona-fide,0,1,0.100435585,0.101438485
6682.wav,Donald Trump,bona-fide,0,1,0.04736125,0.048364155
6684.wav,Donald Trump,bona-fide,0,1,0.05377869,0.054781593
6713.wav,Donald Trump,bona-fide,0,1,0.07065613,0.07165903
6724.wav,Donald Trump,bona-fide,0,1,0.058473624,0.05947653
6726.wav,Donald Trump,bona-fide,0,1,0.08090705,0.08190995
6727.wav,Donald Trump,bona-fide,0,1,0.0608057,0.061808605
6736.wav,Donald Trump,bona-fide,0,1,0.046226896,0.0472298
6750.wav,Donald Trump,bona-fide,0,1,0.05090028,0.051903185
6773.wav,Donald Trump,bona-fide,0,1,0.05222411,0.053227015
6777.wav,Donald Trump,bona-fide,0,1,0.085122906,0.086125806
6783.wav,Donald Trump,bona-fide,0,1,0.10238761,0.10339051
6798.wav,Donald Trump,bona-fide,0,1,0.07434998,0.07535288
6799.wav,Donald Trump,bona-fide,0,1,0.060446832,0.061449736
6804.wav,Donald Trump,bona-fide,0,1,0.036692686,0.03769559
6805.wav,Donald Trump,bona-fide,0,1,0.043083172,0.044086076
6811.wav,Donald Trump,bona-fide,0,1,0.07735027,0.07835317
6822.wav,Donald Trump,bona-fide,0,1,0.04475274,0.045755643
6834.wav,Donald Trump,bona-fide,0,1,0.05024302,0.051245924
6836.wav,Donald Trump,bona-fide,0,1,0.09079936,0.09180226
6841.wav,Donald Trump,bona-fide,0,1,0.06688158,0.06788448
6854.wav,Donald Trump,bona-fide,0,1,0.0912618,0.0922647
6858.wav,Donald Trump,bona-fide,0,1,0.08486942,0.08587232
6866.wav,Donald Trump,bona-fide,0,1,0.056201957,0.05720486
6867.wav,Donald Trump,bona-fide,0,1,0.105883956,0.106886856
6886.wav,Donald Trump,bona-fide,0,1,0.088750094,0.089752994
6887.wav,Donald Trump,bona-fide,0,1,0.04668385,0.047686756
6894.wav,Donald Trump,spoof,1,1,0.035091054,0.036093958
6906.wav,Donald Trump,bona-fide,0,1,0.05401924,0.055022143
6917.wav,Donald Trump,bona-fide,0,1,0.0600752,0.061078105
6931.wav,Donald Trump,bona-fide,0,1,0.07934927,0.08035217
6949.wav,Donald Trump,bona-fide,0,1,0.0680835,0.0690864
6987.wav,Norm MacDonald,spoof,1,1,0.078883745,0.079886645
6989.wav,Donald Trump,bona-fide,0,1,0.05187452,0.052877422
6990.wav,Donald Trump,bona-fide,0,1,0.071487606,0.072490506
6993.wav,Donald Trump,bona-fide,0,1,0.124593206,0.1255961
6998.wav,Donald Trump,bona-fide,0,1,0.055854708,0.056857612
6999.wav,Donald Trump,bona-fide,0,1,0.064094156,0.06509706
7000.wav,Donald Trump,bona-fide,0,1,0.05517523,0.056178134
7024.wav,Donald Trump,spoof,1,1,0.0402621,0.041265003
7033.wav,Donald Trump,bona-fide,0,1,0.046806816,0.04780972
7052.wav,Donald Trump,bona-fide,0,1,0.04652657,0.047529474
7067.wav,Donald Trump,bona-fide,0,1,0.06050754,0.061510444
7078.wav,Donald Trump,bona-fide,0,1,0.053696893,0.054699797
7086.wav,Donald Trump,bona-fide,0,1,0.088925935,0.089928836
7089.wav,Donald Trump,bona-fide,0,1,0.079880655,0.080883555
7091.wav,Donald Trump,bona-fide,0,1,0.060305398,0.061308302
7096.wav,Donald Trump,bona-fide,0,1,0.061901,0.0629039
7100.wav,Donald Trump,bona-fide,0,1,0.071721636,0.072724536
7112.wav,Donald Trump,bona-fide,0,1,0.060498796,0.0615017
7113.wav,Donald Trump,bona-fide,0,1,0.038348477,0.03935138
7114.wav,Donald Trump,bona-fide,0,1,0.082791075,0.083793975
7119.wav,Donald Trump,bona-fide,0,1,0.0453167,0.046319604
7129.wav,Norm MacDonald,spoof,1,1,0.08075449,0.08175739
7168.wav,Donald Trump,bona-fide,0,1,0.0748327,0.0758356
7171.wav,Donald Trump,spoof,1,1,0.10965023,0.11065313
7177.wav,Donald Trump,bona-fide,0,1,0.039585143,0.040588047
7180.wav,Donald Trump,bona-fide,0,1,0.04167623,0.042679135
7181.wav,Donald Trump,bona-fide,0,1,0.09743685,0.09843975
7183.wav,Donald Trump,bona-fide,0,1,0.10983172,0.11083462
7186.wav,Donald Trump,bona-fide,0,1,0.08953174,0.09053464
7198.wav,Norm MacDonald,bona-fide,0,1,0.08635779,0.08736069
7199.wav,Donald Trump,bona-fide,0,1,0.06997594,0.07097884
7205.wav,Donald Trump,bona-fide,0,1,0.081752084,0.082754984
7207.wav,Donald Trump,bona-fide,0,1,0.10880854,0.10981144
7219.wav,Donald Trump,bona-fide,0,1,0.052429594,0.053432498
7227.wav,Donald Trump,bona-fide,0,1,0.08430968,0.08531258
7267.wav,Donald Trump,bona-fide,0,1,0.036769822,0.037772726
7275.wav,Donald Trump,bona-fide,0,1,0.101201296,0.102204196
7303.wav,Donald Trump,bona-fide,0,1,0.07148472,0.07248762
7329.wav,Donald Trump,spoof,1,1,0.073109746,0.07411265
7331.wav,Donald Trump,bona-fide,0,1,0.09562969,0.09663259
7336.wav,Donald Trump,bona-fide,0,1,0.041619554,0.04262246
7347.wav,Donald Trump,bona-fide,0,1,0.05109076,0.052093662
7350.wav,Donald Trump,bona-fide,0,1,0.09453176,0.09553466
7363.wav,Donald Trump,bona-fide,0,1,0.06629137,0.06729427
7366.wav,Donald Trump,bona-fide,0,1,0.07202957,0.07303247
7374.wav,Donald Trump,bona-fide,0,1,0.090550914,0.091553815
7379.wav,Donald Trump,bona-fide,0,1,0.065313935,0.066316836
7391.wav,Donald Trump,bona-fide,0,1,0.063961804,0.064964704
7409.wav,Donald Trump,bona-fide,0,1,0.08569214,0.08669504
7410.wav,Donald Trump,bona-fide,0,1,0.08951324,0.09051614
7418.wav,Norm MacDonald,bona-fide,0,1,0.0785866,0.0795895
7438.wav,Donald Trump,bona-fide,0,1,0.062741786,0.06374469
7450.wav,Donald Trump,bona-fide,0,1,0.06449505,0.06549795
7453.wav,Donald Trump,bona-fide,0,1,0.040762898,0.0417658
7470.wav,Donald Trump,bona-fide,0,1,0.06854025,0.06954315
7477.wav,Donald Trump,bona-fide,0,1,0.042468145,0.04347105
7480.wav,Donald Trump,bona-fide,0,1,0.06563704,0.06663994
7484.wav,Donald Trump,bona-fide,0,1,0.09001195,0.09101485
7497.wav,Donald Trump,bona-fide,0,1,0.09686941,0.09787231
7502.wav,Donald Trump,bona-fide,0,1,0.04104644,0.042049345
7513.wav,Donald Trump,bona-fide,0,1,0.0835001,0.084503
7523.wav,Donald Trump,bona-fide,0,1,0.079093814,0.080096714
7526.wav,Donald Trump,bona-fide,0,1,0.06959364,0.07059654
7531.wav,Donald Trump,bona-fide,0,1,0.08716174,0.08816464
7542.wav,Donald Trump,bona-fide,0,1,0.037693538,0.03869644
7558.wav,Donald Trump,bona-fide,0,1,0.0760791,0.077082
7562.wav,Donald Trump,bona-fide,0,1,0.069567494,0.070570394
7569.wav,Donald Trump,bona-fide,0,1,0.1327454,0.13374831
7582.wav,Donald Trump,bona-fide,0,1,0.063370846,0.06437375
7584.wav,Donald Trump,bona-fide,0,1,0.06022181,0.061224714
7593.wav,Donald Trump,spoof,1,1,0.13990498,0.14090788
7600.wav,Donald Trump,spoof,1,1,0.24410447,0.24510738
7605.wav,Donald Trump,bona-fide,0,1,0.12945367,0.13045658
7612.wav,Donald Trump,bona-fide,0,1,0.07979403,0.08079693
7621.wav,Donald Trump,bona-fide,0,1,0.06297741,0.06398031
7632.wav,Donald Trump,bona-fide,0,1,0.10276889,0.10377179
7633.wav,Donald Trump,bona-fide,0,1,0.07923077,0.08023367
7646.wav,Donald Trump,bona-fide,0,1,0.056010988,0.05701389
7650.wav,Donald Trump,bona-fide,0,1,0.0897826,0.0907855
7665.wav,Donald Trump,bona-fide,0,1,0.14773743,0.14874034
7672.wav,Donald Trump,bona-fide,0,1,0.092366874,0.093369775
7681.wav,Donald Trump,bona-fide,0,1,0.098210394,0.099213295
7693.wav,Donald Trump,bona-fide,0,1,0.07029897,0.07130187
7702.wav,Donald Trump,bona-fide,0,1,0.08789525,0.08889815
7708.wav,Donald Trump,bona-fide,0,1,0.07209245,0.07309535
7712.wav,Donald Trump,bona-fide,0,1,0.06875203,0.06975493
7714.wav,Donald Trump,bona-fide,0,1,0.07936617,0.08036907
7723.wav,Donald Trump,bona-fide,0,1,0.09950007,0.10050297
7726.wav,Donald Trump,bona-fide,0,1,0.07076479,0.07176769
7741.wav,Donald Trump,bona-fide,0,1,0.033167556,0.03417046
7743.wav,Donald Trump,bona-fide,0,1,0.09281582,0.09381872
7746.wav,Donald Trump,bona-fide,0,1,0.06178471,0.062787615
7753.wav,Donald Trump,bona-fide,0,1,0.10476898,0.10577188
7770.wav,Donald Trump,bona-fide,0,1,0.13614935,0.13715225
7792.wav,Donald Trump,bona-fide,0,1,0.07063412,0.07163702
7814.wav,Donald Trump,bona-fide,0,1,0.062016,0.0630189
7815.wav,Donald Trump,spoof,1,1,0.0386121,0.039615005
7819.wav,Donald Trump,bona-fide,0,1,0.08741019,0.08841309
7824.wav,Donald Trump,bona-fide,0,1,0.08074882,0.08175172
7831.wav,Donald Trump,bona-fide,0,1,0.056674723,0.057677627
7837.wav,Donald Trump,bona-fide,0,1,0.07007181,0.07107471
7847.wav,Donald Trump,bona-fide,0,1,0.04172671,0.042729612
7849.wav,Donald Trump,bona-fide,0,1,0.050874554,0.051877458
7860.wav,Donald Trump,bona-fide,0,1,0.04487873,0.045881633
7881.wav,Donald Trump,bona-fide,0,1,0.06040374,0.061406642
7907.wav,Donald Trump,bona-fide,0,1,0.10163233,0.10263523
7910.wav,Donald Trump,bona-fide,0,1,0.05074837,0.051751275
7913.wav,Donald Trump,bona-fide,0,1,0.0539271,0.054930005
7918.wav,Donald Trump,bona-fide,0,1,0.09503721,0.09604011
7924.wav,Donald Trump,bona-fide,0,1,0.12472368,0.12572658
7925.wav,Donald Trump,bona-fide,0,1,0.03951251,0.040515415
7929.wav,Donald Trump,bona-fide,0,1,0.04649718,0.047500085
7935.wav,Donald Trump,bona-fide,0,1,0.05996655,0.060969453
7949.wav,Donald Trump,bona-fide,0,1,0.047147825,0.04815073
7965.wav,Norm MacDonald,spoof,1,1,0.07834644,0.07934934
7967.wav,Donald Trump,bona-fide,0,1,0.07793465,0.07893755
7978.wav,Donald Trump,bona-fide,0,1,0.07764547,0.07864837
7981.wav,Donald Trump,spoof,1,1,0.070357725,0.071360625
7986.wav,Donald Trump,bona-fide,0,1,0.06799394,0.06899684
7992.wav,Donald Trump,bona-fide,0,1,0.083334565,0.084337465
8009.wav,Donald Trump,bona-fide,0,1,0.040200125,0.04120303
8052.wav,Donald Trump,bona-fide,0,1,0.085471235,0.086474136
8063.wav,Donald Trump,bona-fide,0,1,0.04794025,0.048943155
8072.wav,Donald Trump,bona-fide,0,1,0.074802175,0.075805075
8079.wav,Donald Trump,bona-fide,0,1,0.054027855,0.05503076
8087.wav,Donald Trump,bona-fide,0,1,0.037949324,0.038952228
8089.wav,Donald Trump,bona-fide,0,1,0.10241614,0.10341904
8091.wav,Donald Trump,bona-fide,0,1,0.07198622,0.07298912
8106.wav,Donald Trump,bona-fide,0,1,0.05493739,0.055940293
8111.wav,Donald Trump,bona-fide,0,1,0.06892454,0.06992744
8126.wav,Donald Trump,bona-fide,0,1,0.09672583,0.09772873
8156.wav,Donald Trump,bona-fide,0,1,0.043732747,0.04473565
8172.wav,Donald Trump,bona-fide,0,1,0.06914293,0.07014583
8179.wav,Donald Trump,bona-fide,0,1,0.08980915,0.09081205
8201.wav,Donald Trump,bona-fide,0,1,0.09061748,0.09162038
8203.wav,Donald Trump,bona-fide,0,1,0.069849215,0.070852116
8226.wav,Donald Trump,bona-fide,0,1,0.05654511,0.057548013
8237.wav,Donald Trump,bona-fide,0,1,0.06839099,0.06939389
8242.wav,Donald Trump,bona-fide,0,1,0.10119571,0.10219861
8247.wav,Donald Trump,bona-fide,0,1,0.065886736,0.066889636
8261.wav,Donald Trump,bona-fide,0,1,0.058970015,0.05997292
8272.wav,Donald Trump,bona-fide,0,1,0.05722589,0.058228794
8276.wav,Donald Trump,bona-fide,0,1,0.099506035,0.100508936
8280.wav,Donald Trump,bona-fide,0,1,0.06967755,0.07068045
8295.wav,Norm MacDonald,spoof,1,1,0.08126841,0.08227131
8306.wav,Donald Trump,bona-fide,0,1,0.07539,0.076392904
8319.wav,Donald Trump,bona-fide,0,1,0.058248643,0.059251547
8322.wav,Donald Trump,bona-fide,0,1,0.06229927,0.063302174
8330.wav,Donald Trump,bona-fide,0,1,0.05877539,0.059778295
8351.wav,Donald Trump,bona-fide,0,1,0.047829617,0.04883252
8362.wav,Donald Trump,bona-fide,0,1,0.053024452,0.054027356
8371.wav,Donald Trump,bona-fide,0,1,0.10578942,0.10679232
8391.wav,Donald Trump,bona-fide,0,1,0.04449103,0.045493934
8402.wav,Donald Trump,spoof,1,1,0.08020503,0.08120793
8406.wav,Donald Trump,bona-fide,0,1,0.085130915,0.086133815
8412.wav,Donald Trump,bona-fide,0,1,0.06348528,0.06448818
8431.wav,Donald Trump,bona-fide,0,1,0.044051062,0.045053966
8433.wav,Donald Trump,bona-fide,0,1,0.09554308,0.09654598
8435.wav,Donald Trump,bona-fide,0,1,0.088944405,0.089947306
8440.wav,Donald Trump,bona-fide,0,1,0.12207986,0.12308276
8474.wav,Donald Trump,bona-fide,0,1,0.059644148,0.06064705
8494.wav,Donald Trump,bona-fide,0,1,0.061965007,0.06296791
8500.wav,Donald Trump,bona-fide,0,1,0.105511114,0.106514014
8513.wav,Norm MacDonald,spoof,1,1,0.07112512,0.07212802
8520.wav,Donald Trump,bona-fide,0,1,0.061937977,0.06294088
8521.wav,Donald Trump,bona-fide,0,1,0.056269243,0.057272147
8522.wav,Donald Trump,bona-fide,0,1,0.05802988,0.059032783
8523.wav,Donald Trump,bona-fide,0,1,0.049635116,0.05063802
8546.wav,Donald Trump,bona-fide,0,1,0.07252419,0.07352709
8548.wav,Donald Trump,bona-fide,0,1,0.047867738,0.04887064
8559.wav,Donald Trump,bona-fide,0,1,0.07301415,0.07401705
8562.wav,Donald Trump,bona-fide,0,1,0.060578518,0.06158142
8565.wav,Donald Trump,bona-fide,0,1,0.043554015,0.04455692
8570.wav,Donald Trump,bona-fide,0,1,0.12906922,0.13007213
8571.wav,Donald Trump,bona-fide,0,1,0.097065434,0.098068334
8572.wav,Donald Trump,bona-fide,0,1,0.06994035,0.07094325
8575.wav,Donald Trump,bona-fide,0,1,0.045417722,0.046420626
8579.wav,Donald Trump,bona-fide,0,1,0.077228315,0.078231215
8584.wav,Donald Trump,bona-fide,0,1,0.030132592,0.031135494
8589.wav,Donald Trump,bona-fide,0,1,0.047879282,0.048882186
8603.wav,Donald Trump,bona-fide,0,1,0.08048372,0.08148662
8609.wav,Donald Trump,bona-fide,0,1,0.05854035,0.059543256
8610.wav,Donald Trump,spoof,1,1,0.079012096,0.080014996
8629.wav,Donald Trump,bona-fide,0,1,0.07637383,0.07737673
8643.wav,Donald Trump,bona-fide,0,1,0.086112,0.0871149
8653.wav,Donald Trump,bona-fide,0,1,0.06497456,0.06597746
8656.wav,Donald Trump,bona-fide,0,1,0.06317522,0.06417812
8660.wav,Donald Trump,bona-fide,0,1,0.049481522,0.050484426
8662.wav,Donald Trump,bona-fide,0,1,0.045126945,0.04612985
8670.wav,Donald Trump,bona-fide,0,1,0.06653171,0.06753461
8679.wav,Donald Trump,bona-fide,0,1,0.09219945,0.09320235
8682.wav,Donald Trump,bona-fide,0,1,0.042709954,0.043712858
8683.wav,Donald Trump,bona-fide,0,1,0.05585757,0.056860473
8685.wav,Norm MacDonald,bona-fide,0,1,0.13034217,0.13134508
8691.wav,Donald Trump,bona-fide,0,1,0.05272912,0.053732023
8698.wav,Norm MacDonald,bona-fide,0,1,0.06127447,0.062277373
8706.wav,Donald Trump,bona-fide,0,1,0.0874316,0.0884345
8735.wav,Donald Trump,bona-fide,0,1,0.08149565,0.08249855
8752.wav,Donald Trump,spoof,1,1,0.044154562,0.045157466
8761.wav,Donald Trump,bona-fide,0,1,0.058243755,0.05924666
8764.wav,Donald Trump,bona-fide,0,1,0.094548985,0.095551886
8769.wav,Donald Trump,bona-fide,0,1,0.08575084,0.08675374
8775.wav,Donald Trump,bona-fide,0,1,0.056152392,0.057155296
8784.wav,Donald Trump,bona-fide,0,1,0.051281,0.052283905
8792.wav,Donald Trump,bona-fide,0,1,0.07487964,0.07588254
8800.wav,Donald Trump,bona-fide,0,1,0.08317196,0.084174864
8805.wav,Donald Trump,bona-fide,0,1,0.096388094,0.097390994
8824.wav,Donald Trump,bona-fide,0,1,0.070997305,0.072000206
8827.wav,Donald Trump,bona-fide,0,1,0.08415678,0.08515968
8862.wav,Donald Trump,bona-fide,0,1,0.062341634,0.06334454
8863.wav,Donald Trump,bona-fide,0,1,0.0664528,0.0674557
8864.wav,Donald Trump,bona-fide,0,1,0.10255599,0.10355889
8895.wav,Donald Trump,bona-fide,0,1,0.044091657,0.04509456
8907.wav,Donald Trump,bona-fide,0,1,0.07855492,0.07955782
8950.wav,Donald Trump,bona-fide,0,1,0.12878525,0.12978816
8951.wav,Donald Trump,bona-fide,0,1,0.043043133,0.044046037
8953.wav,Donald Trump,bona-fide,0,1,0.05618521,0.057188112
8956.wav,Donald Trump,bona-fide,0,1,0.0878633,0.088866204
8976.wav,Donald Trump,bona-fide,0,1,0.0584102,0.059413105
8984.wav,Donald Trump,bona-fide,0,1,0.0978005,0.0988034
8988.wav,Donald Trump,bona-fide,0,1,0.07994874,0.08095164
9021.wav,Donald Trump,bona-fide,0,1,0.12240332,0.123406224
9028.wav,Donald Trump,bona-fide,0,1,0.07541668,0.07641958
9029.wav,Donald Trump,bona-fide,0,1,0.06982798,0.07083088
9032.wav,Donald Trump,bona-fide,0,1,0.062803484,0.063806385
9035.wav,Donald Trump,bona-fide,0,1,0.09331519,0.09431809
9041.wav,Donald Trump,bona-fide,0,1,0.06382095,0.06482385
9054.wav,Donald Trump,bona-fide,0,1,0.057543524,0.058546428
9060.wav,Donald Trump,bona-fide,0,1,0.123262525,0.124265425
9063.wav,Donald Trump,bona-fide,0,1,0.06693704,0.06793994
9077.wav,Donald Trump,spoof,1,1,0.04481405,0.045816954
9094.wav,Donald Trump,bona-fide,0,1,0.060007703,0.061010607
9099.wav,Donald Trump,bona-fide,0,1,0.06380046,0.06480336
9102.wav,Donald Trump,bona-fide,0,1,0.09901085,0.10001375
9109.wav,Donald Trump,bona-fide,0,1,0.05112373,0.052126635
9114.wav,Donald Trump,bona-fide,0,1,0.111954376,0.11295728
9122.wav,Donald Trump,bona-fide,0,1,0.059990577,0.06099348
9125.wav,Donald Trump,bona-fide,0,1,0.03197484,0.032977745
9127.wav,Donald Trump,bona-fide,0,1,0.0811871,0.08219
9137.wav,Donald Trump,bona-fide,0,1,0.060958877,0.06196178
9148.wav,Donald Trump,bona-fide,0,1,0.046749536,0.04775244
9155.wav,Donald Trump,bona-fide,0,1,0.08167335,0.08267625
9185.wav,Donald Trump,bona-fide,0,1,0.05253916,0.053542063
9198.wav,Donald Trump,bona-fide,0,1,0.059822675,0.06082558
9199.wav,Donald Trump,bona-fide,0,1,0.059048112,0.060051017
9200.wav,Donald Trump,bona-fide,0,1,0.052678946,0.05368185
9208.wav,Donald Trump,spoof,1,1,0.20871396,0.20971687
9231.wav,Donald Trump,bona-fide,0,1,0.06382496,0.06482786
9236.wav,Donald Trump,bona-fide,0,1,0.048334144,0.049337048
9243.wav,Donald Trump,bona-fide,0,1,0.083959565,0.084962465
9246.wav,Donald Trump,bona-fide,0,1,0.041437995,0.0424409
9251.wav,Donald Trump,bona-fide,0,1,0.08705221,0.08805511
9295.wav,Donald Trump,bona-fide,0,1,0.0656267,0.0666296
9297.wav,Donald Trump,bona-fide,0,1,0.046834692,0.047837596
9303.wav,Donald Trump,bona-fide,0,1,0.06538531,0.06638821
9320.wav,Donald Trump,bona-fide,0,1,0.059712265,0.06071517
9324.wav,Donald Trump,spoof,1,1,0.10076889,0.10177179
9330.wav,Donald Trump,bona-fide,0,1,0.06924246,0.07024536
9342.wav,Donald Trump,bona-fide,0,1,0.052077003,0.053079907
9344.wav,Donald Trump,bona-fide,0,1,0.048277173,0.049280077
9350.wav,Donald Trump,bona-fide,0,1,0.07681641,0.07781931
9359.wav,Donald Trump,bona-fide,0,1,0.09496985,0.09597275
9360.wav,Donald Trump,bona-fide,0,1,0.047811057,0.04881396
9383.wav,Donald Trump,bona-fide,0,1,0.05813775,0.059140652
9384.wav,Donald Trump,bona-fide,0,1,0.09684611,0.09784901
9391.wav,Donald Trump,bona-fide,0,1,0.04104623,0.042049132
9402.wav,Donald Trump,bona-fide,0,1,0.03941031,0.040413216
9403.wav,Donald Trump,bona-fide,0,1,0.05265301,0.053655915
9406.wav,Donald Trump,bona-fide,0,1,0.08008178,0.08108468
9414.wav,Donald Trump,bona-fide,0,1,0.06067736,0.061680265
9416.wav,Donald Trump,bona-fide,0,1,0.06361278,0.06461568
9417.wav,Donald Trump,bona-fide,0,1,0.08839265,0.08939555
9418.wav,Donald Trump,bona-fide,0,1,0.1006098,0.1016127
9422.wav,Donald Trump,bona-fide,0,1,0.091569565,0.092572466
9428.wav,Donald Trump,bona-fide,0,1,0.07722163,0.07822453
9437.wav,Donald Trump,bona-fide,0,1,0.0776298,0.0786327
9444.wav,Donald Trump,bona-fide,0,1,0.075091705,0.076094605
9447.wav,Donald Trump,bona-fide,0,1,0.063543856,0.06454676
9450.wav,Donald Trump,bona-fide,0,1,0.04701749,0.048020393
9460.wav,Donald Trump,bona-fide,0,1,0.049701557,0.05070446
9462.wav,Donald Trump,bona-fide,0,1,0.05208784,0.053090744
9463.wav,Donald Trump,bona-fide,0,1,0.10593471,0.10693761
9498.wav,Donald Trump,bona-fide,0,1,0.052845716,0.05384862
9501.wav,Donald Trump,bona-fide,0,1,0.0859015,0.0869044
9508.wav,Donald Trump,bona-fide,0,1,0.062373433,0.06337634
9514.wav,Donald Trump,bona-fide,0,1,0.06785584,0.06885874
9530.wav,Donald Trump,bona-fide,0,1,0.048302386,0.04930529
9552.wav,Donald Trump,bona-fide,0,1,0.13793169,0.1389346
9554.wav,Donald Trump,bona-fide,0,1,0.06261813,0.06362103
9560.wav,Donald Trump,bona-fide,0,1,0.065129146,0.06613205
9570.wav,Donald Trump,bona-fide,0,1,0.04917438,0.050177284
9573.wav,Donald Trump,bona-fide,0,1,0.060682133,0.061685037
9575.wav,Donald Trump,bona-fide,0,1,0.06783451,0.06883741
9580.wav,Donald Trump,bona-fide,0,1,0.063318536,0.064321436
9583.wav,Donald Trump,bona-fide,0,1,0.04822921,0.049232114
9595.wav,Donald Trump,bona-fide,0,1,0.0739497,0.0749526
9599.wav,Donald Trump,bona-fide,0,1,0.07384147,0.07484437
9603.wav,Donald Trump,bona-fide,0,1,0.0504338,0.051436704
9608.wav,Donald Trump,bona-fide,0,1,0.050939377,0.05194228
9613.wav,Donald Trump,bona-fide,0,1,0.05437343,0.055376332
9635.wav,Donald Trump,bona-fide,0,1,0.066911414,0.067914315
9645.wav,Donald Trump,spoof,1,1,0.06883949,0.06984239
9653.wav,Donald Trump,bona-fide,0,1,0.07581529,0.07681819
9665.wav,Donald Trump,bona-fide,0,1,0.1062638,0.1072667
9684.wav,Donald Trump,bona-fide,0,1,0.064294584,0.065297484
9685.wav,Donald Trump,bona-fide,0,1,0.06750914,0.06851204
9689.wav,Donald Trump,bona-fide,0,1,0.113300145,0.114303045
9709.wav,Donald Trump,bona-fide,0,1,0.04928491,0.050287813
9711.wav,Donald Trump,bona-fide,0,1,0.11240558,0.11340848
9719.wav,Donald Trump,bona-fide,0,1,0.05205029,0.053053193
9720.wav,Donald Trump,bona-fide,0,1,0.098989084,0.099991985
9726.wav,Norm MacDonald,spoof,1,1,0.09103521,0.09203811
9732.wav,Donald Trump,bona-fide,0,1,0.0953056,0.0963085
9735.wav,Donald Trump,bona-fide,0,1,0.109902516,0.11090542
9736.wav,Donald Trump,bona-fide,0,1,0.08655928,0.08756218
9740.wav,Donald Trump,bona-fide,0,1,0.056743544,0.057746448
9749.wav,Donald Trump,spoof,1,1,0.10209756,0.103100464
9753.wav,Donald Trump,bona-fide,0,1,0.046377517,0.04738042
9758.wav,Donald Trump,bona-fide,0,1,0.050816767,0.05181967
9783.wav,Donald Trump,bona-fide,0,1,0.090454385,0.091457285
9812.wav,Donald Trump,bona-fide,0,1,0.038399324,0.039402228
9816.wav,Donald Trump,bona-fide,0,1,0.06997971,0.07098261
9819.wav,Donald Trump,bona-fide,0,1,0.050224967,0.05122787
9855.wav,Donald Trump,bona-fide,0,1,0.11134397,0.11234687
9858.wav,Donald Trump,bona-fide,0,1,0.087983,0.0889859
9862.wav,Donald Trump,bona-fide,0,1,0.06217621,0.06317911
9863.wav,Donald Trump,bona-fide,0,1,0.05033559,0.051338494
9871.wav,Donald Trump,bona-fide,0,1,0.059269436,0.06027234
9889.wav,Donald Trump,bona-fide,0,1,0.053809203,0.054812107
9916.wav,Donald Trump,bona-fide,0,1,0.06766504,0.06866794
9918.wav,Donald Trump,bona-fide,0,1,0.04353416,0.044537064
9923.wav,Donald Trump,bona-fide,0,1,0.10212206,0.10312496
9943.wav,Donald Trump,bona-fide,0,1,0.041203212,0.042206116
9949.wav,Donald Trump,bona-fide,0,1,0.09417608,0.09517898
9955.wav,Donald Trump,bona-fide,0,1,0.04409591,0.045098815
9960.wav,Donald Trump,bona-fide,0,1,0.052990593,0.053993497
9962.wav,Donald Trump,bona-fide,0,1,0.08525457,0.08625747
9966.wav,Donald Trump,bona-fide,0,1,0.048605513,0.049608417
9972.wav,Donald Trump,bona-fide,0,1,0.057371877,0.05837478
9976.wav,Donald Trump,bona-fide,0,1,0.064443596,0.065446496
9987.wav,Donald Trump,bona-fide,0,1,0.042546693,0.043549597
10002.wav,Donald Trump,spoof,1,1,0.048611995,0.0496149
10035.wav,Donald Trump,bona-fide,0,1,0.03638429,0.037387192
10047.wav,Donald Trump,bona-fide,0,1,0.049512718,0.050515622
10057.wav,Donald Trump,bona-fide,0,1,0.14697167,0.14797458
10060.wav,Donald Trump,bona-fide,0,1,0.053820353,0.054823257
10084.wav,Donald Trump,bona-fide,0,1,0.08923108,0.09023398
10086.wav,Donald Trump,bona-fide,0,1,0.050651066,0.05165397
10091.wav,Norm MacDonald,spoof,1,1,0.09532424,0.09632714
10095.wav,Donald Trump,bona-fide,0,1,0.052097216,0.05310012
10112.wav,Donald Trump,bona-fide,0,1,0.062348645,0.06335155
10123.wav,Donald Trump,bona-fide,0,1,0.054503202,0.055506106
10124.wav,Donald Trump,bona-fide,0,1,0.084239215,0.085242115
10134.wav,Donald Trump,bona-fide,0,1,0.048732307,0.04973521
10137.wav,Donald Trump,bona-fide,0,1,0.092149235,0.093152136
10140.wav,Donald Trump,bona-fide,0,1,0.07225863,0.07326153
10170.wav,Donald Trump,bona-fide,0,1,0.051727455,0.05273036
10175.wav,Donald Trump,bona-fide,0,1,0.09036581,0.09136871
10184.wav,Donald Trump,bona-fide,0,1,0.082948714,0.083951615
10188.wav,Donald Trump,bona-fide,0,1,0.065935425,0.066938326
10195.wav,Donald Trump,bona-fide,0,1,0.05275844,0.053761344
10202.wav,Donald Trump,bona-fide,0,1,0.082371965,0.083374865
10225.wav,Donald Trump,bona-fide,0,1,0.06372005,0.06472295
10232.wav,Norm MacDonald,bona-fide,0,1,0.05654535,0.057548255
10236.wav,Donald Trump,bona-fide,0,1,0.058703344,0.05970625
10239.wav,Donald Trump,bona-fide,0,1,0.08516705,0.08616995
10243.wav,Donald Trump,bona-fide,0,1,0.059449762,0.060452666
10251.wav,Donald Trump,bona-fide,0,1,0.0502931,0.051296003
10254.wav,Donald Trump,bona-fide,0,1,0.058349427,0.05935233
10260.wav,Donald Trump,bona-fide,0,1,0.11026981,0.11127271
10261.wav,Donald Trump,bona-fide,0,1,0.03562503,0.036627933
10262.wav,Donald Trump,spoof,1,1,0.08595066,0.08695356
10263.wav,Donald Trump,bona-fide,0,1,0.045927547,0.04693045
10266.wav,Donald Trump,bona-fide,0,1,0.12867239,0.1296753
10279.wav,Donald Trump,bona-fide,0,1,0.053268284,0.054271188
10281.wav,Donald Trump,bona-fide,0,1,0.070805684,0.071808584
10293.wav,Donald Trump,bona-fide,0,1,0.05904095,0.060043853
10309.wav,Donald Trump,bona-fide,0,1,0.09528992,0.09629282
10311.wav,Donald Trump,bona-fide,0,1,0.11655997,0.11756287
10334.wav,Donald Trump,bona-fide,0,1,0.03649388,0.037496783
10344.wav,Donald Trump,bona-fide,0,1,0.117600806,0.11860371
10359.wav,Donald Trump,bona-fide,0,1,0.05124516,0.052248064
10369.wav,Donald Trump,bona-fide,0,1,0.050401576,0.05140448
10373.wav,Donald Trump,bona-fide,0,1,0.048962608,0.049965512
10376.wav,Donald Trump,bona-fide,0,1,0.13732326,0.13832617
10379.wav,Donald Trump,bona-fide,0,1,0.091405034,0.092407934
10390.wav,Donald Trump,bona-fide,0,1,0.057834305,0.05883721
10395.wav,Donald Trump,bona-fide,0,1,0.043985613,0.044988517
10400.wav,Donald Trump,spoof,1,1,0.121961966,0.12296487
10409.wav,Donald Trump,spoof,1,1,0.08885505,0.08985795
10410.wav,Donald Trump,bona-fide,0,1,0.06246629,0.063469194
10412.wav,Donald Trump,bona-fide,0,1,0.05330491,0.054307815
10417.wav,Donald Trump,bona-fide,0,1,0.08711005,0.08811295
10419.wav,Norm MacDonald,spoof,1,1,0.06923938,0.07024228
10428.wav,Donald Trump,bona-fide,0,1,0.03753865,0.038541555
10429.wav,Donald Trump,bona-fide,0,1,0.08959866,0.09060156
10433.wav,Donald Trump,bona-fide,0,1,0.049846377,0.05084928
10436.wav,Donald Trump,bona-fide,0,1,0.0738661,0.074869
10439.wav,Donald Trump,bona-fide,0,1,0.061406877,0.06240978
10442.wav,Donald Trump,bona-fide,0,1,0.07517915,0.07618205
10443.wav,Donald Trump,bona-fide,0,1,0.08501766,0.08602056
10455.wav,Donald Trump,bona-fide,0,1,0.08397159,0.08497449
10463.wav,Donald Trump,bona-fide,0,1,0.100463964,0.101466864
10475.wav,Donald Trump,bona-fide,0,1,0.054430425,0.05543333
10484.wav,Donald Trump,bona-fide,0,1,0.05153967,0.052542575
10485.wav,Donald Trump,spoof,1,1,0.062491458,0.06349436
10493.wav,Donald Trump,bona-fide,0,1,0.07889827,0.07990117
10499.wav,Donald Trump,bona-fide,0,1,0.081016935,0.082019836
10503.wav,Donald Trump,bona-fide,0,1,0.059522208,0.06052511
10532.wav,Donald Trump,bona-fide,0,1,0.047189765,0.04819267
10535.wav,Donald Trump,bona-fide,0,1,0.09420585,0.09520875
10541.wav,Donald Trump,bona-fide,0,1,0.08821043,0.089213334
10543.wav,Donald Trump,bona-fide,0,1,0.053225935,0.05422884
10546.wav,Donald Trump,spoof,1,1,0.07749521,0.07849811
10555.wav,Donald Trump,bona-fide,0,1,0.07527213,0.07627503
10581.wav,Donald Trump,bona-fide,0,1,0.06878562,0.06978852
10596.wav,Donald Trump,bona-fide,0,1,0.06442657,0.06542947
10601.wav,Donald Trump,bona-fide,0,1,0.05799661,0.058999512
10616.wav,Donald Trump,bona-fide,0,1,0.051274274,0.052277178
10622.wav,Donald Trump,bona-fide,0,1,0.0640207,0.0650236
10623.wav,Donald Trump,bona-fide,0,1,0.06349371,0.06449661
10628.wav,Donald Trump,bona-fide,0,1,0.048966013,0.049968917
10634.wav,Donald Trump,bona-fide,0,1,0.045937724,0.04694063
10638.wav,Donald Trump,bona-fide,0,1,0.073141366,0.07414427
10642.wav,Donald Trump,bona-fide,0,1,0.062373634,0.06337654
10649.wav,Donald Trump,bona-fide,0,1,0.052141745,0.05314465
10653.wav,Donald Trump,bona-fide,0,1,0.055625543,0.056628447
10670.wav,Donald Trump,bona-fide,0,1,0.05060537,0.051608276
10673.wav,Donald Trump,bona-fide,0,1,0.091835,0.0928379
10690.wav,Donald Trump,bona-fide,0,1,0.09576486,0.09676776
10693.wav,Donald Trump,bona-fide,0,1,0.06150848,0.062511384
10696.wav,Donald Trump,bona-fide,0,1,0.0682653,0.0692682
10709.wav,Donald Trump,bona-fide,0,1,0.05009949,0.051102392
10718.wav,Donald Trump,bona-fide,0,1,0.08940323,0.09040613
10721.wav,Donald Trump,bona-fide,0,1,0.061717574,0.06272048
10760.wav,Donald Trump,bona-fide,0,1,0.098699726,0.09970263
10775.wav,Donald Trump,bona-fide,0,1,0.075279675,0.076282576
10789.wav,Donald Trump,bona-fide,0,1,0.051386338,0.05238924
10796.wav,Donald Trump,spoof,1,1,0.073345125,0.074348025
10798.wav,Donald Trump,bona-fide,0,1,0.05046118,0.051464085
10800.wav,Donald Trump,bona-fide,0,1,0.04697549,0.047978394
10811.wav,Donald Trump,bona-fide,0,1,0.07008348,0.07108638
10827.wav,Donald Trump,bona-fide,0,1,0.050053094,0.051055998
10829.wav,Donald Trump,bona-fide,0,1,0.07029609,0.07129899
10839.wav,Donald Trump,bona-fide,0,1,0.12400023,0.12500313
10840.wav,Donald Trump,bona-fide,0,1,0.09539964,0.09640254
10851.wav,Donald Trump,bona-fide,0,1,0.04794113,0.048944034
10853.wav,Donald Trump,spoof,1,1,0.06757942,0.06858232
10854.wav,Donald Trump,bona-fide,0,1,0.08451309,0.08551599
10859.wav,Donald Trump,bona-fide,0,1,0.036814995,0.0378179
10861.wav,Donald Trump,bona-fide,0,1,0.07705174,0.07805464
10862.wav,Donald Trump,bona-fide,0,1,0.035982553,0.036985457
10865.wav,Donald Trump,bona-fide,0,1,0.05775685,0.058759753
10866.wav,Donald Trump,bona-fide,0,1,0.05175943,0.052762333
10869.wav,Donald Trump,bona-fide,0,1,0.037052162,0.038055066
10879.wav,Donald Trump,bona-fide,0,1,0.07185673,0.07285963
10908.wav,Donald Trump,bona-fide,0,1,0.059582513,0.060585417
10910.wav,Donald Trump,bona-fide,0,1,0.070015356,0.071018256
10915.wav,Donald Trump,bona-fide,0,1,0.04661615,0.047619052
10933.wav,Donald Trump,bona-fide,0,1,0.039892353,0.040895257
10936.wav,Donald Trump,bona-fide,0,1,0.068315536,0.069318436
10946.wav,Donald Trump,bona-fide,0,1,0.06381151,0.06481441
10948.wav,Donald Trump,bona-fide,0,1,0.074634165,0.075637065
10980.wav,Donald Trump,bona-fide,0,1,0.06381555,0.06481845
10981.wav,Donald Trump,bona-fide,0,1,0.08033206,0.08133496
10991.wav,Donald Trump,bona-fide,0,1,0.13862184,0.13962474
10994.wav,Donald Trump,bona-fide,0,1,0.1009919,0.1019948
11013.wav,Donald Trump,bona-fide,0,1,0.05222519,0.053228095
11017.wav,Donald Trump,bona-fide,0,1,0.11761207,0.11861497
11034.wav,Donald Trump,bona-fide,0,1,0.11230457,0.11330747
11054.wav,Donald Trump,bona-fide,0,1,0.07536881,0.07637171
11060.wav,Donald Trump,bona-fide,0,1,0.08209629,0.083099194
11061.wav,Donald Trump,bona-fide,0,1,0.04545741,0.046460316
11064.wav,Donald Trump,bona-fide,0,1,0.046686757,0.04768966
11068.wav,Donald Trump,bona-fide,0,1,0.06556492,0.06656782
11073.wav,Donald Trump,bona-fide,0,1,0.08655719,0.08756009
11093.wav,Donald Trump,bona-fide,0,1,0.056025013,0.057027917
11118.wav,Norm MacDonald,spoof,1,1,0.086778484,0.087781385
11125.wav,Norm MacDonald,spoof,1,1,0.09652036,0.09752326
11126.wav,Donald Trump,bona-fide,0,1,0.101377524,0.102380425
11128.wav,Donald Trump,bona-fide,0,1,0.07654277,0.07754567
11138.wav,Donald Trump,bona-fide,0,1,0.043177668,0.044180572
11147.wav,Donald Trump,bona-fide,0,1,0.060087305,0.06109021
11155.wav,Donald Trump,bona-fide,0,1,0.06730339,0.06830629
11170.wav,Donald Trump,bona-fide,0,1,0.054049287,0.05505219
11172.wav,Donald Trump,bona-fide,0,1,0.07775024,0.07875314
11175.wav,Donald Trump,bona-fide,0,1,0.038158633,0.039161537
11176.wav,Donald Trump,bona-fide,0,1,0.098579235,0.099582136
11187.wav,Donald Trump,bona-fide,0,1,0.037201196,0.0382041
11188.wav,Donald Trump,bona-fide,0,1,0.055497836,0.05650074
11193.wav,Donald Trump,bona-fide,0,1,0.043874532,0.044877436
11197.wav,Donald Trump,bona-fide,0,1,0.052180875,0.05318378
11204.wav,Donald Trump,spoof,1,1,0.06493084,0.06593374
11232.wav,Donald Trump,bona-fide,0,1,0.05086994,0.051872846
11236.wav,Donald Trump,bona-fide,0,1,0.10072938,0.101732284
11237.wav,Donald Trump,bona-fide,0,1,0.055065926,0.05606883
11238.wav,Donald Trump,bona-fide,0,1,0.07872534,0.07972824
11249.wav,Donald Trump,bona-fide,0,1,0.045044467,0.04604737
11251.wav,Donald Trump,bona-fide,0,1,0.044212986,0.04521589
11263.wav,Donald Trump,bona-fide,0,1,0.09776725,0.09877015
11281.wav,Donald Trump,bona-fide,0,1,0.05270413,0.053707033
11286.wav,Donald Trump,spoof,1,1,0.07577566,0.07677856
11297.wav,Donald Trump,bona-fide,0,1,0.043708358,0.044711262
11309.wav,Donald Trump,bona-fide,0,1,0.085838966,0.08684187
11336.wav,Donald Trump,bona-fide,0,1,0.07689348,0.07789638
11339.wav,Norm MacDonald,spoof,1,1,0.08473573,0.08573863
11366.wav,Donald Trump,bona-fide,0,1,0.104965724,0.105968624
11374.wav,Donald Trump,bona-fide,0,1,0.06316246,0.06416536
11399.wav,Donald Trump,bona-fide,0,1,0.059166018,0.060168922
11416.wav,Donald Trump,bona-fide,0,1,0.089848384,0.090851285
11417.wav,Donald Trump,bona-fide,0,1,0.048688237,0.04969114
11422.wav,Donald Trump,bona-fide,0,1,0.04971839,0.050721295
11427.wav,Donald Trump,bona-fide,0,1,0.06543354,0.06643644
11443.wav,Donald Trump,bona-fide,0,1,0.058407225,0.05941013
11445.wav,Donald Trump,bona-fide,0,1,0.04954635,0.050549254
11449.wav,Donald Trump,bona-fide,0,1,0.07820257,0.07920547
11451.wav,Donald Trump,bona-fide,0,1,0.052241858,0.053244762
11461.wav,Donald Trump,bona-fide,0,1,0.058438476,0.05944138
11477.wav,Donald Trump,bona-fide,0,1,0.10039919,0.10140209
11506.wav,Donald Trump,bona-fide,0,1,0.03796858,0.038971484
11515.wav,Donald Trump,bona-fide,0,1,0.10519999,0.10620289
11521.wav,Donald Trump,bona-fide,0,1,0.09323982,0.09424272
11532.wav,Donald Trump,bona-fide,0,1,0.07132655,0.07232945
11533.wav,Donald Trump,bona-fide,0,1,0.04594088,0.046943784
11535.wav,Donald Trump,bona-fide,0,1,0.074491106,0.07549401
11539.wav,Donald Trump,bona-fide,0,1,0.08355144,0.08455434
11554.wav,Donald Trump,bona-fide,0,1,0.035912097,0.036915
11570.wav,Donald Trump,bona-fide,0,1,0.08850499,0.08950789
11587.wav,Donald Trump,bona-fide,0,1,0.12031822,0.12132112
11594.wav,Donald Trump,bona-fide,0,1,0.0481756,0.049178503
11605.wav,Donald Trump,bona-fide,0,1,0.05579871,0.056801613
11610.wav,Donald Trump,bona-fide,0,1,0.10415264,0.10515554
11616.wav,Donald Trump,spoof,1,1,0.097139694,0.098142594
11619.wav,Donald Trump,bona-fide,0,1,0.072959654,0.073962554
11634.wav,Donald Trump,bona-fide,0,1,0.051878892,0.052881796
11641.wav,Donald Trump,bona-fide,0,1,0.09010267,0.09110557
11643.wav,Donald Trump,bona-fide,0,1,0.10327634,0.10427924
11654.wav,Donald Trump,bona-fide,0,1,0.088950396,0.089953296
11692.wav,Donald Trump,bona-fide,0,1,0.056732196,0.0577351
11698.wav,Donald Trump,bona-fide,0,1,0.057351343,0.058354247
11702.wav,Donald Trump,bona-fide,0,1,0.0490408,0.050043706
11705.wav,Donald Trump,bona-fide,0,1,0.09192242,0.09292532
11713.wav,Donald Trump,bona-fide,0,1,0.04918221,0.050185114
11727.wav,Donald Trump,spoof,1,1,0.061409026,0.06241193
11731.wav,Donald Trump,bona-fide,0,1,0.053026516,0.05402942
11743.wav,Donald Trump,bona-fide,0,1,0.08024333,0.08124623
11750.wav,Donald Trump,bona-fide,0,1,0.04025885,0.041261755
11767.wav,Donald Trump,spoof,1,1,0.08921503,0.09021793
11788.wav,Donald Trump,bona-fide,0,1,0.04041208,0.041414984
11799.wav,Donald Trump,bona-fide,0,1,0.09935893,0.10036183
11812.wav,Donald Trump,bona-fide,0,1,0.15165748,0.15266038
11826.wav,Donald Trump,bona-fide,0,1,0.03687919,0.037882093
11828.wav,Donald Trump,bona-fide,0,1,0.06549897,0.06650187
11832.wav,Donald Trump,bona-fide,0,1,0.08732084,0.08832374
11835.wav,Donald Trump,spoof,1,1,0.063221246,0.06422415
11836.wav,Donald Trump,spoof,1,1,0.13205227,0.13305518
11840.wav,Donald Trump,bona-fide,0,1,0.069686554,0.070689455
11846.wav,Donald Trump,bona-fide,0,1,0.12843643,0.12943934
11849.wav,Donald Trump,bona-fide,0,1,0.045941096,0.046944
11853.wav,Donald Trump,spoof,1,1,0.08051074,0.08151364
11869.wav,Donald Trump,bona-fide,0,1,0.049973365,0.05097627
11885.wav,Donald Trump,bona-fide,0,1,0.06379131,0.06479421
11919.wav,Donald Trump,bona-fide,0,1,0.039624486,0.04062739
11923.wav,Donald Trump,bona-fide,0,1,0.0930671,0.09407
11930.wav,Donald Trump,bona-fide,0,1,0.08905113,0.09005403
11931.wav,Donald Trump,bona-fide,0,1,0.09151026,0.09251316
11950.wav,Donald Trump,bona-fide,0,1,0.0374338,0.038436703
11957.wav,Donald Trump,bona-fide,0,1,0.064322665,0.065325566
11969.wav,Donald Trump,bona-fide,0,1,0.06628564,0.06728854
11970.wav,Donald Trump,bona-fide,0,1,0.051309366,0.05231227
11980.wav,Norm MacDonald,spoof,1,1,0.07100474,0.07200764
11983.wav,Donald Trump,bona-fide,0,1,0.051612236,0.05261514
12001.wav,Donald Trump,bona-fide,0,1,0.11758091,0.11858381
12002.wav,Donald Trump,bona-fide,0,1,0.0943062,0.0953091
12014.wav,Donald Trump,bona-fide,0,1,0.08588053,0.08688343
12023.wav,Donald Trump,bona-fide,0,1,0.09141496,0.09241786
12025.wav,Norm MacDonald,spoof,1,1,0.06687854,0.06788144
12032.wav,Donald Trump,bona-fide,0,1,0.038613714,0.03961662
12033.wav,Donald Trump,bona-fide,0,1,0.04086031,0.041863214
12034.wav,Donald Trump,bona-fide,0,1,0.07214152,0.07314442
12048.wav,Donald Trump,bona-fide,0,1,0.051568165,0.05257107
12057.wav,Norm MacDonald,spoof,1,1,0.0882961,0.089299
12059.wav,Donald Trump,bona-fide,0,1,0.10068124,0.10168414
12076.wav,Norm MacDonald,bona-fide,0,1,0.058185942,0.059188846
12097.wav,Donald Trump,bona-fide,0,1,0.049074207,0.05007711
12098.wav,Donald Trump,bona-fide,0,1,0.050088108,0.05109101
12106.wav,Donald Trump,bona-fide,0,1,0.06591731,0.06692021
12107.wav,Donald Trump,bona-fide,0,1,0.084480606,0.08548351
12115.wav,Donald Trump,bona-fide,0,1,0.05760455,0.058607455
12130.wav,Donald Trump,bona-fide,0,1,0.09058037,0.09158327
12133.wav,Donald Trump,bona-fide,0,1,0.08035985,0.08136275
12148.wav,Donald Trump,bona-fide,0,1,0.067188054,0.068190955
12174.wav,Donald Trump,bona-fide,0,1,0.11179154,0.112794444
12180.wav,Donald Trump,bona-fide,0,1,0.040377587,0.04138049
12182.wav,Donald Trump,bona-fide,0,1,0.063201874,0.064204775
12188.wav,Donald Trump,bona-fide,0,1,0.072802454,0.073805355
12189.wav,Donald Trump,bona-fide,0,1,0.05234849,0.053351395
12192.wav,Donald Trump,bona-fide,0,1,0.053675156,0.05467806
12213.wav,Donald Trump,bona-fide,0,1,0.052079014,0.05308192
12220.wav,Donald Trump,bona-fide,0,1,0.071061805,0.072064705
12230.wav,Donald Trump,bona-fide,0,1,0.052052658,0.053055562
12236.wav,Donald Trump,bona-fide,0,1,0.04814465,0.049147554
12243.wav,Donald Trump,bona-fide,0,1,0.05457641,0.055579316
12246.wav,Donald Trump,bona-fide,0,1,0.04858162,0.049584523
12252.wav,Donald Trump,bona-fide,0,1,0.095749,0.0967519
12268.wav,Donald Trump,bona-fide,0,1,0.08202042,0.08302332
12273.wav,Donald Trump,bona-fide,0,1,0.04557822,0.046581123
12290.wav,Donald Trump,bona-fide,0,1,0.05769523,0.058698133
12310.wav,Donald Trump,bona-fide,0,1,0.0649562,0.0659591
12316.wav,Donald Trump,bona-fide,0,1,0.05580601,0.056808915
12334.wav,Donald Trump,bona-fide,0,1,0.06426517,0.06526807
12343.wav,Donald Trump,bona-fide,0,1,0.066589154,0.067592055
12356.wav,Donald Trump,bona-fide,0,1,0.11262945,0.11363235
12357.wav,Donald Trump,bona-fide,0,1,0.1279488,0.12895171
12397.wav,Donald Trump,bona-fide,0,1,0.108639434,0.109642334
12398.wav,Donald Trump,bona-fide,0,1,0.10045923,0.10146213
12402.wav,Donald Trump,bona-fide,0,1,0.10010805,0.10111095
12409.wav,Donald Trump,bona-fide,0,1,0.066947736,0.067950636
12411.wav,Donald Trump,bona-fide,0,1,0.0578283,0.058831204
12425.wav,Donald Trump,bona-fide,0,1,0.06458671,0.06558961
12441.wav,Donald Trump,bona-fide,0,1,0.10711052,0.10811342
12453.wav,Donald Trump,bona-fide,0,1,0.050912563,0.051915467
12471.wav,Donald Trump,bona-fide,0,1,0.09404093,0.09504383
12474.wav,Donald Trump,bona-fide,0,1,0.0858369,0.0868398
12477.wav,Donald Trump,bona-fide,0,1,0.11546776,0.11647066
12482.wav,Donald Trump,spoof,1,1,0.055902917,0.05690582
12483.wav,Donald Trump,bona-fide,0,1,0.14525351,0.14625642
12510.wav,Donald Trump,bona-fide,0,1,0.051953286,0.05295619
12517.wav,Donald Trump,bona-fide,0,1,0.07791595,0.07891885
12519.wav,Donald Trump,bona-fide,0,1,0.045829665,0.04683257
12520.wav,Donald Trump,bona-fide,0,1,0.07207874,0.07308164
12523.wav,Donald Trump,bona-fide,0,1,0.056009945,0.05701285
12525.wav,Donald Trump,bona-fide,0,1,0.0953889,0.0963918
12543.wav,Donald Trump,bona-fide,0,1,0.06451691,0.06551981
12584.wav,Donald Trump,bona-fide,0,1,0.034145437,0.03514834
12585.wav,Donald Trump,bona-fide,0,1,0.058293488,0.059296392
12588.wav,Donald Trump,bona-fide,0,1,0.056701515,0.05770442
12606.wav,Donald Trump,bona-fide,0,1,0.098709695,0.099712595
12615.wav,Donald Trump,bona-fide,0,1,0.050145723,0.051148627
12619.wav,Donald Trump,bona-fide,0,1,0.04965402,0.050656926
12620.wav,Donald Trump,bona-fide,0,1,0.080244996,0.081247896
12625.wav,Donald Trump,bona-fide,0,1,0.06428313,0.06528603
12631.wav,Donald Trump,bona-fide,0,1,0.095651336,0.09665424
12644.wav,Donald Trump,bona-fide,0,1,0.057835672,0.058838576
12649.wav,Donald Trump,spoof,1,1,0.08274238,0.08374528
12686.wav,Donald Trump,bona-fide,0,1,0.0674475,0.0684504
12688.wav,Donald Trump,bona-fide,0,1,0.06326367,0.06426657
12701.wav,Donald Trump,bona-fide,0,1,0.07182601,0.07282891
12713.wav,Donald Trump,bona-fide,0,1,0.07623038,0.07723328
12724.wav,Donald Trump,bona-fide,0,1,0.04501753,0.046020433
12728.wav,Donald Trump,bona-fide,0,1,0.05920771,0.060210615
12730.wav,Donald Trump,bona-fide,0,1,0.06883367,0.06983657
12731.wav,Donald Trump,bona-fide,0,1,0.05341081,0.054413714
12739.wav,Donald Trump,bona-fide,0,1,0.041018937,0.04202184
12740.wav,Donald Trump,bona-fide,0,1,0.054030932,0.055033837
12741.wav,Donald Trump,bona-fide,0,1,0.106418386,0.10742129
12745.wav,Donald Trump,bona-fide,0,1,0.06078509,0.061787993
12762.wav,Donald Trump,bona-fide,0,1,0.060569774,0.06157268
12763.wav,Donald Trump,bona-fide,0,1,0.09387098,0.09487388
12775.wav,Donald Trump,bona-fide,0,1,0.07355887,0.07456177
12785.wav,Donald Trump,bona-fide,0,1,0.030467572,0.031470474
12788.wav,Donald Trump,bona-fide,0,1,0.08026215,0.08126505
12804.wav,Donald Trump,spoof,1,1,0.07371064,0.07471354
12825.wav,Donald Trump,bona-fide,0,1,0.07334654,0.07434944
12846.wav,Donald Trump,bona-fide,0,1,0.059887443,0.060890347
12854.wav,Donald Trump,bona-fide,0,1,0.035158746,0.03616165
12858.wav,Donald Trump,bona-fide,0,1,0.071309954,0.072312854
12870.wav,Norm MacDonald,spoof,1,1,0.08280128,0.08380418
12876.wav,Norm MacDonald,spoof,1,1,0.078987844,0.079990745
12882.wav,Donald Trump,bona-fide,0,1,0.062937,0.0639399
12909.wav,Norm MacDonald,bona-fide,0,1,0.055885307,0.05688821
12926.wav,Donald Trump,bona-fide,0,1,0.049808837,0.05081174
12927.wav,Donald Trump,bona-fide,0,1,0.04149519,0.042498093
12940.wav,Donald Trump,bona-fide,0,1,0.062900506,0.063903406
12944.wav,Donald Trump,bona-fide,0,1,0.047843106,0.04884601
12969.wav,Donald Trump,bona-fide,0,1,0.05329487,0.054297775
12973.wav,Donald Trump,bona-fide,0,1,0.068007186,0.06901009
12975.wav,Donald Trump,bona-fide,0,1,0.049450975,0.05045388
12976.wav,Donald Trump,spoof,1,1,0.07107644,0.07207934
13003.wav,Donald Trump,bona-fide,0,1,0.07895854,0.07996144
13010.wav,Donald Trump,bona-fide,0,1,0.046853613,0.047856517
13013.wav,Donald Trump,bona-fide,0,1,0.13191204,0.13291495
13014.wav,Donald Trump,bona-fide,0,1,0.09104195,0.09204485
13029.wav,Donald Trump,bona-fide,0,1,0.09501712,0.09602002
13040.wav,Donald Trump,bona-fide,0,1,0.045528248,0.046531152
13046.wav,Donald Trump,bona-fide,0,1,0.045216165,0.04621907
13062.wav,Donald Trump,bona-fide,0,1,0.07661909,0.07762199
13067.wav,Donald Trump,bona-fide,0,1,0.10301153,0.104014434
13097.wav,Donald Trump,bona-fide,0,1,0.038286373,0.039289277
13099.wav,Donald Trump,bona-fide,0,1,0.075773865,0.076776765
13117.wav,Donald Trump,bona-fide,0,1,0.064993985,0.065996885
13122.wav,Donald Trump,bona-fide,0,1,0.042777695,0.0437806
13125.wav,Donald Trump,bona-fide,0,1,0.04840593,0.049408834
13133.wav,Donald Trump,bona-fide,0,1,0.048925266,0.04992817
13143.wav,Donald Trump,bona-fide,0,1,0.06376209,0.06476499
13144.wav,Donald Trump,bona-fide,0,1,0.049638137,0.05064104
13146.wav,Norm MacDonald,spoof,1,1,0.07617371,0.07717661
13147.wav,Donald Trump,bona-fide,0,1,0.075127795,0.076130696
13158.wav,Donald Trump,bona-fide,0,1,0.043595836,0.04459874
13165.wav,Donald Trump,bona-fide,0,1,0.04608323,0.047086135
13167.wav,Donald Trump,bona-fide,0,1,0.05657777,0.057580672
13169.wav,Donald Trump,bona-fide,0,1,0.12137816,0.12238106
13174.wav,Donald Trump,bona-fide,0,1,0.047491632,0.048494536
13199.wav,Donald Trump,bona-fide,0,1,0.07898238,0.07998528
13208.wav,Donald Trump,bona-fide,0,1,0.05359869,0.054601595
13215.wav,Donald Trump,bona-fide,0,1,0.0527651,0.053768005
13228.wav,Donald Trump,bona-fide,0,1,0.05568989,0.056692794
13237.wav,Donald Trump,bona-fide,0,1,0.053994197,0.0549971
13248.wav,Donald Trump,bona-fide,0,1,0.08638376,0.08738666
13260.wav,Donald Trump,bona-fide,0,1,0.092789926,0.093792826
13267.wav,Donald Trump,spoof,1,1,0.05477863,0.055781536
13292.wav,Donald Trump,bona-fide,0,1,0.07771066,0.07871356
13308.wav,Donald Trump,bona-fide,0,1,0.078328416,0.079331316
13316.wav,Donald Trump,bona-fide,0,1,0.088379614,0.089382514
13317.wav,Donald Trump,bona-fide,0,1,0.10099773,0.10200063
13333.wav,Donald Trump,bona-fide,0,1,0.04021771,0.041220613
13338.wav,Donald Trump,bona-fide,0,1,0.044515774,0.045518678
13348.wav,Donald Trump,bona-fide,0,1,0.067210056,0.068212956
13358.wav,Donald Trump,bona-fide,0,1,0.06052985,0.061532754
13360.wav,Norm MacDonald,bona-fide,0,1,0.06995727,0.07096017
13362.wav,Donald Trump,bona-fide,0,1,0.086028494,0.087031394
13379.wav,Donald Trump,bona-fide,0,1,0.05979715,0.060800053
13386.wav,Donald Trump,bona-fide,0,1,0.0886684,0.0896713
13395.wav,Donald Trump,bona-fide,0,1,0.05419493,0.055197835
13401.wav,Donald Trump,bona-fide,0,1,0.08686566,0.087868564
13409.wav,Donald Trump,bona-fide,0,1,0.06566816,0.06667106
13410.wav,Donald Trump,bona-fide,0,1,0.07083211,0.07183501
13457.wav,Donald Trump,bona-fide,0,1,0.07009215,0.07109505
13460.wav,Donald Trump,bona-fide,0,1,0.08561271,0.08661561
13465.wav,Donald Trump,bona-fide,0,1,0.08865875,0.08966165
13470.wav,Donald Trump,bona-fide,0,1,0.105263785,0.106266685
13473.wav,Donald Trump,bona-fide,0,1,0.051732283,0.052735187
13475.wav,Donald Trump,bona-fide,0,1,0.05653515,0.057538055
13493.wav,Donald Trump,bona-fide,0,1,0.06884334,0.06984624
13500.wav,Donald Trump,bona-fide,0,1,0.05433567,0.055338573
13505.wav,Donald Trump,bona-fide,0,1,0.05710624,0.058109146
13507.wav,Donald Trump,bona-fide,0,1,0.051064484,0.052067388
13509.wav,Donald Trump,spoof,1,1,0.053356986,0.05435989
13522.wav,Donald Trump,bona-fide,0,1,0.087752335,0.088755235
13525.wav,Donald Trump,bona-fide,0,1,0.033694755,0.03469766
13527.wav,Donald Trump,bona-fide,0,1,0.037339367,0.03834227
13529.wav,Donald Trump,bona-fide,0,1,0.10176564,0.10276854
13532.wav,Donald Trump,bona-fide,0,1,0.034595057,0.03559796
13548.wav,Donald Trump,bona-fide,0,1,0.05679927,0.057802174
13558.wav,Donald Trump,bona-fide,0,1,0.047978923,0.048981827
13564.wav,Donald Trump,bona-fide,0,1,0.08247193,0.08347483
13567.wav,Donald Trump,bona-fide,0,1,0.080581956,0.081584856
13578.wav,Donald Trump,spoof,1,1,0.051325567,0.05232847
13583.wav,Donald Trump,bona-fide,0,1,0.047452383,0.048455287
13593.wav,Donald Trump,bona-fide,0,1,0.043993343,0.044996247
13594.wav,Donald Trump,bona-fide,0,1,0.10042177,0.10142467
13609.wav,Donald Trump,spoof,1,1,0.092742436,0.093745336
13615.wav,Donald Trump,bona-fide,0,1,0.082297586,0.083300486
13623.wav,Donald Trump,bona-fide,0,1,0.11843421,0.11943711
13629.wav,Donald Trump,bona-fide,0,1,0.07026152,0.07126442
13639.wav,Donald Trump,bona-fide,0,1,0.08239592,0.08339882
13653.wav,Donald Trump,bona-fide,0,1,0.055879526,0.05688243
13656.wav,Donald Trump,bona-fide,0,1,0.10391717,0.10492007
13662.wav,Donald Trump,bona-fide,0,1,0.049840607,0.05084351
13670.wav,Donald Trump,bona-fide,0,1,0.053298734,0.05430164
13689.wav,Donald Trump,bona-fide,0,1,0.054552432,0.055555336
13697.wav,Donald Trump,bona-fide,0,1,0.04575096,0.046753865
13699.wav,Donald Trump,bona-fide,0,1,0.055076186,0.05607909
13715.wav,Donald Trump,bona-fide,0,1,0.14726841,0.14827132
13717.wav,Donald Trump,bona-fide,0,1,0.09753446,0.09853736
13721.wav,Donald Trump,bona-fide,0,1,0.07375561,0.07475851
13727.wav,Norm MacDonald,spoof,1,1,0.12910499,0.1301079
13734.wav,Donald Trump,bona-fide,0,1,0.08640074,0.08740364
13751.wav,Norm MacDonald,bona-fide,0,1,0.068552054,0.069554955
13756.wav,Donald Trump,bona-fide,0,1,0.060983162,0.061986066
13777.wav,Donald Trump,bona-fide,0,1,0.057083152,0.058086056
13781.wav,Donald Trump,bona-fide,0,1,0.10795668,0.10895958
13784.wav,Donald Trump,bona-fide,0,1,0.06082579,0.061828695
13791.wav,Donald Trump,bona-fide,0,1,0.0726189,0.0736218
13808.wav,Donald Trump,bona-fide,0,1,0.08961831,0.09062121
13813.wav,Donald Trump,bona-fide,0,1,0.069094345,0.070097245
13825.wav,Donald Trump,bona-fide,0,1,0.060642485,0.06164539
13829.wav,Donald Trump,bona-fide,0,1,0.045708384,0.04671129
13831.wav,Donald Trump,bona-fide,0,1,0.045821033,0.046823937
13854.wav,Donald Trump,bona-fide,0,1,0.059006903,0.060009807
13869.wav,Donald Trump,bona-fide,0,1,0.047044903,0.048047807
13871.wav,Donald Trump,bona-fide,0,1,0.07642085,0.07742375
13876.wav,Donald Trump,bona-fide,0,1,0.09337853,0.09438143
13890.wav,Donald Trump,spoof,1,1,0.13208833,0.13309124
13899.wav,Donald Trump,bona-fide,0,1,0.08132651,0.08232941
13900.wav,Donald Trump,bona-fide,0,1,0.09346494,0.09446784
13912.wav,Donald Trump,bona-fide,0,1,0.05432679,0.055329695
13915.wav,Donald Trump,bona-fide,0,1,0.052626904,0.053629808
13917.wav,Donald Trump,bona-fide,0,1,0.050530672,0.051533576
13929.wav,Donald Trump,bona-fide,0,1,0.09028546,0.09128836
13930.wav,Donald Trump,bona-fide,0,1,0.07136903,0.07237193
13941.wav,Norm MacDonald,spoof,1,1,0.10687049,0.10787339
13943.wav,Donald Trump,bona-fide,0,1,0.049283843,0.050286748
13951.wav,Donald Trump,bona-fide,0,1,0.08376841,0.08477131
13958.wav,Donald Trump,bona-fide,0,1,0.05645891,0.057461813
13969.wav,Donald Trump,bona-fide,0,1,0.125586,0.12658891
13982.wav,Donald Trump,bona-fide,0,1,0.09862549,0.09962839
13986.wav,Donald Trump,bona-fide,0,1,0.056992486,0.05799539
14002.wav,Donald Trump,bona-fide,0,1,0.050463364,0.051466268
14009.wav,Donald Trump,bona-fide,0,1,0.06948306,0.07048596
14013.wav,Donald Trump,bona-fide,0,1,0.07186041,0.07286331
14019.wav,Donald Trump,bona-fide,0,1,0.065336436,0.06633934
14024.wav,Donald Trump,bona-fide,0,1,0.15278353,0.15378644
14029.wav,Donald Trump,bona-fide,0,1,0.06698373,0.06798663
14036.wav,Donald Trump,bona-fide,0,1,0.12063929,0.12164219
14039.wav,Donald Trump,bona-fide,0,1,0.044726405,0.04572931
14048.wav,Donald Trump,bona-fide,0,1,0.058569632,0.059572536
14053.wav,Donald Trump,bona-fide,0,1,0.06833547,0.069338374
14056.wav,Donald Trump,bona-fide,0,1,0.06147958,0.062482484
14066.wav,Donald Trump,bona-fide,0,1,0.071119376,0.072122276
14072.wav,Donald Trump,bona-fide,0,1,0.038085606,0.03908851
14077.wav,Donald Trump,bona-fide,0,1,0.0883271,0.08933
14098.wav,Donald Trump,bona-fide,0,1,0.08830786,0.08931076
14113.wav,Donald Trump,bona-fide,0,1,0.07213475,0.07313765
14165.wav,Donald Trump,bona-fide,0,1,0.031532984,0.03253589
14198.wav,Donald Trump,spoof,1,1,0.05275932,0.053762224
14217.wav,Donald Trump,spoof,1,1,0.040046163,0.041049067
14240.wav,Donald Trump,bona-fide,0,1,0.056550298,0.057553202
14242.wav,Donald Trump,bona-fide,0,1,0.040398665,0.04140157
14246.wav,Donald Trump,bona-fide,0,1,0.07819133,0.07919423
14252.wav,Donald Trump,bona-fide,0,1,0.08553077,0.08653367
14259.wav,Donald Trump,bona-fide,0,1,0.07631596,0.07731886
14267.wav,Donald Trump,bona-fide,0,1,0.0655759,0.0665788
14286.wav,Donald Trump,bona-fide,0,1,0.05526405,0.056266952
14291.wav,Donald Trump,bona-fide,0,1,0.09585011,0.09685301
14309.wav,Donald Trump,bona-fide,0,1,0.12120774,0.12221064
14311.wav,Donald Trump,bona-fide,0,1,0.04435134,0.045354243
14322.wav,Donald Trump,bona-fide,0,1,0.05008244,0.051085345
14323.wav,Donald Trump,bona-fide,0,1,0.077123284,0.078126185
14331.wav,Donald Trump,bona-fide,0,1,0.04126392,0.042266823
14354.wav,Donald Trump,spoof,1,1,0.051385786,0.05238869
14368.wav,Donald Trump,bona-fide,0,1,0.07702051,0.07802341
14375.wav,Donald Trump,bona-fide,0,1,0.05404625,0.055049155
14379.wav,Donald Trump,bona-fide,0,1,0.05525569,0.056258593
14386.wav,Donald Trump,bona-fide,0,1,0.048764117,0.04976702
14390.wav,Donald Trump,bona-fide,0,1,0.087168105,0.088171005
14419.wav,Donald Trump,bona-fide,0,1,0.054225337,0.05522824
14421.wav,Donald Trump,bona-fide,0,1,0.041510493,0.042513397
14479.wav,Donald Trump,spoof,1,1,0.042754553,0.043757457
14480.wav,Donald Trump,bona-fide,0,1,0.23937263,0.24037553
14494.wav,Donald Trump,bona-fide,0,1,0.05869677,0.059699673
14496.wav,Donald Trump,bona-fide,0,1,0.09494373,0.09594663
14505.wav,Donald Trump,bona-fide,0,1,0.040027674,0.04103058
14508.wav,Donald Trump,bona-fide,0,1,0.06402766,0.06503056
14514.wav,Donald Trump,bona-fide,0,1,0.08461584,0.08561874
14528.wav,Donald Trump,bona-fide,0,1,0.056332275,0.05733518
14534.wav,Donald Trump,bona-fide,0,1,0.09368498,0.09468788
14541.wav,Donald Trump,bona-fide,0,1,0.06470302,0.06570592
14554.wav,Donald Trump,bona-fide,0,1,0.040720146,0.04172305
14575.wav,Donald Trump,bona-fide,0,1,0.057116505,0.05811941
14576.wav,Donald Trump,bona-fide,0,1,0.0631901,0.064193
14577.wav,Donald Trump,bona-fide,0,1,0.06451653,0.06551943
14612.wav,Donald Trump,spoof,1,1,0.07402816,0.07503106
14623.wav,Donald Trump,spoof,1,1,0.03770839,0.038711295
14624.wav,Donald Trump,bona-fide,0,1,0.11931612,0.120319024
14626.wav,Donald Trump,bona-fide,0,1,0.049732532,0.050735436
14628.wav,Donald Trump,bona-fide,0,1,0.14570585,0.14670876
14643.wav,Donald Trump,bona-fide,0,1,0.056091007,0.05709391
14647.wav,Donald Trump,bona-fide,0,1,0.11543973,0.11644263
14649.wav,Donald Trump,bona-fide,0,1,0.03934917,0.040352073
14651.wav,Donald Trump,bona-fide,0,1,0.067078434,0.068081334
14655.wav,Donald Trump,bona-fide,0,1,0.08089764,0.08190054
14670.wav,Donald Trump,bona-fide,0,1,0.05343713,0.054440033
14671.wav,Donald Trump,bona-fide,0,1,0.038188063,0.039190967
14690.wav,Donald Trump,bona-fide,0,1,0.068188146,0.069191046
14693.wav,Donald Trump,bona-fide,0,1,0.06483707,0.06583997
14696.wav,Donald Trump,bona-fide,0,1,0.050977536,0.05198044
14733.wav,Donald Trump,bona-fide,0,1,0.10107924,0.10208214
14737.wav,Donald Trump,bona-fide,0,1,0.05563012,0.056633025
14749.wav,Donald Trump,bona-fide,0,1,0.085044146,0.086047046
14750.wav,Donald Trump,bona-fide,0,1,0.056067392,0.057070296
14755.wav,Donald Trump,bona-fide,0,1,0.08856355,0.08956645
14764.wav,Donald Trump,bona-fide,0,1,0.07381798,0.07482088
14773.wav,Donald Trump,bona-fide,0,1,0.089161195,0.090164095
14775.wav,Donald Trump,bona-fide,0,1,0.043409448,0.044412352
14787.wav,Donald Trump,bona-fide,0,1,0.08838416,0.08938706
14794.wav,Donald Trump,bona-fide,0,1,0.06123909,0.062241994
14802.wav,Donald Trump,bona-fide,0,1,0.04876551,0.049768414
14808.wav,Donald Trump,bona-fide,0,1,0.07258606,0.07358896
14812.wav,Donald Trump,bona-fide,0,1,0.058240574,0.059243478
14827.wav,Donald Trump,bona-fide,0,1,0.04750371,0.048506614
14842.wav,Donald Trump,bona-fide,0,1,0.06138133,0.062384233
14843.wav,Donald Trump,bona-fide,0,1,0.071136385,0.072139286
14850.wav,Donald Trump,bona-fide,0,1,0.055519342,0.056522246
14866.wav,Donald Trump,bona-fide,0,1,0.082838625,0.083841525
14875.wav,Donald Trump,bona-fide,0,1,0.052815888,0.053818792
14877.wav,Donald Trump,bona-fide,0,1,0.06298051,0.06398341
14885.wav,Donald Trump,bona-fide,0,1,0.060250957,0.06125386
14901.wav,Donald Trump,bona-fide,0,1,0.05298708,0.053989984
14902.wav,Donald Trump,bona-fide,0,1,0.09637485,0.09737775
14906.wav,Donald Trump,bona-fide,0,1,0.028914683,0.029917585
14908.wav,Donald Trump,bona-fide,0,1,0.09826106,0.09926396
14915.wav,Donald Trump,bona-fide,0,1,0.063257925,0.064260826
14916.wav,Donald Trump,bona-fide,0,1,0.08890807,0.08991097
14938.wav,Donald Trump,bona-fide,0,1,0.04879963,0.049802534
14954.wav,Donald Trump,bona-fide,0,1,0.08448698,0.085489884
14955.wav,Donald Trump,bona-fide,0,1,0.05893272,0.059935626
14971.wav,Donald Trump,bona-fide,0,1,0.10701562,0.10801852
14987.wav,Donald Trump,bona-fide,0,1,0.039734013,0.040736917
14996.wav,Donald Trump,bona-fide,0,1,0.045446318,0.04644922
15009.wav,Donald Trump,spoof,1,1,0.044731494,0.045734398
15011.wav,Donald Trump,bona-fide,0,1,0.065027736,0.06603064
15012.wav,Donald Trump,bona-fide,0,1,0.07225189,0.073254794
15036.wav,Donald Trump,bona-fide,0,1,0.11406126,0.11506416
15041.wav,Donald Trump,bona-fide,0,1,0.094999194,0.096002094
15047.wav,Donald Trump,spoof,1,1,0.06269962,0.06370252
15067.wav,Donald Trump,bona-fide,0,1,0.0494774,0.050480302
15070.wav,Donald Trump,bona-fide,0,1,0.08305336,0.08405626
15088.wav,Donald Trump,bona-fide,0,1,0.05573133,0.056734234
15091.wav,Donald Trump,bona-fide,0,1,0.056823518,0.057826422
15101.wav,Donald Trump,bona-fide,0,1,0.058506418,0.059509322
15113.wav,Donald Trump,bona-fide,0,1,0.39740348,0.3984064
15140.wav,Donald Trump,bona-fide,0,1,0.09519783,0.09620073
15142.wav,Donald Trump,bona-fide,0,1,0.044866286,0.04586919
15152.wav,Donald Trump,bona-fide,0,1,0.4092293,0.41023222
15196.wav,Donald Trump,bona-fide,0,1,0.052965954,0.053968858
15197.wav,Donald Trump,bona-fide,0,1,0.050312858,0.051315762
15204.wav,Donald Trump,spoof,1,1,0.038982835,0.03998574
15210.wav,Donald Trump,bona-fide,0,1,0.0559013,0.056904204
15212.wav,Donald Trump,bona-fide,0,1,0.086092025,0.087094925
15215.wav,Donald Trump,bona-fide,0,1,0.081864536,0.082867436
15222.wav,Donald Trump,bona-fide,0,1,0.09563974,0.09664264
15237.wav,Donald Trump,bona-fide,0,1,0.08665392,0.08765682
15269.wav,Donald Trump,bona-fide,0,1,0.05283066,0.053833563
15273.wav,Norm MacDonald,bona-fide,0,1,0.11222228,0.11322518
15276.wav,Donald Trump,bona-fide,0,1,0.07538514,0.07638804
15278.wav,Donald Trump,bona-fide,0,1,0.045817517,0.04682042
15284.wav,Donald Trump,bona-fide,0,1,0.046298858,0.04730176
15301.wav,Donald Trump,bona-fide,0,1,0.122681305,0.123684205
15310.wav,Donald Trump,bona-fide,0,1,0.0554503,0.056453206
15311.wav,Donald Trump,bona-fide,0,1,0.0866261,0.087629
15313.wav,Donald Trump,bona-fide,0,1,0.08543898,0.08644188
15316.wav,Donald Trump,bona-fide,0,1,0.04731007,0.048312973
15318.wav,Donald Trump,bona-fide,0,1,0.11827681,0.11927971
15337.wav,Donald Trump,bona-fide,0,1,0.08863616,0.08963906
15339.wav,Donald Trump,bona-fide,0,1,0.04990258,0.050905485
15350.wav,Donald Trump,bona-fide,0,1,0.07208655,0.07308945
15355.wav,Donald Trump,bona-fide,0,1,0.09620062,0.09720352
15358.wav,Donald Trump,bona-fide,0,1,0.05746474,0.058467645
15362.wav,Donald Trump,bona-fide,0,1,0.11422293,0.11522583
15382.wav,Donald Trump,bona-fide,0,1,0.083080575,0.084083475
15397.wav,Donald Trump,bona-fide,0,1,0.054682296,0.0556852
15457.wav,Donald Trump,bona-fide,0,1,0.06746022,0.06846312
15458.wav,Donald Trump,bona-fide,0,1,0.06098341,0.061986312
15472.wav,Donald Trump,bona-fide,0,1,0.08827039,0.08927329
15475.wav,Donald Trump,bona-fide,0,1,0.06769573,0.06869863
15477.wav,Donald Trump,bona-fide,0,1,0.045890722,0.046893626
15481.wav,Donald Trump,bona-fide,0,1,0.04909454,0.050097443
15500.wav,Donald Trump,bona-fide,0,1,0.062337797,0.0633407
15503.wav,Donald Trump,bona-fide,0,1,0.06862734,0.06963024
15509.wav,Donald Trump,bona-fide,0,1,0.08738233,0.08838523
15517.wav,Donald Trump,bona-fide,0,1,0.064630814,0.065633714
15525.wav,Donald Trump,bona-fide,0,1,0.07657101,0.07757391
15546.wav,Donald Trump,bona-fide,0,1,0.06152087,0.062523775
15553.wav,Donald Trump,bona-fide,0,1,0.057920963,0.058923867
15568.wav,Donald Trump,bona-fide,0,1,0.059000142,0.060003046
15584.wav,Donald Trump,bona-fide,0,1,0.04887997,0.049882874
15600.wav,Donald Trump,bona-fide,0,1,0.09290518,0.09390808
15611.wav,Donald Trump,bona-fide,0,1,0.101293534,0.102296434
15616.wav,Donald Trump,bona-fide,0,1,0.06662586,0.06762876
15619.wav,Donald Trump,bona-fide,0,1,0.061226975,0.06222988
15621.wav,Donald Trump,bona-fide,0,1,0.034703895,0.0357068
15626.wav,Donald Trump,bona-fide,0,1,0.05620586,0.057208765
15640.wav,Donald Trump,bona-fide,0,1,0.12385655,0.12485945
15644.wav,Donald Trump,bona-fide,0,1,0.053559035,0.05456194
15647.wav,Donald Trump,bona-fide,0,1,0.05160784,0.052610744
15651.wav,Donald Trump,bona-fide,0,1,0.07459997,0.07560287
15677.wav,Donald Trump,bona-fide,0,1,0.07162059,0.07262349
15678.wav,Donald Trump,bona-fide,0,1,0.29819655,0.29919946
15699.wav,Donald Trump,bona-fide,0,1,0.08318417,0.08418707
15708.wav,Donald Trump,bona-fide,0,1,0.05725551,0.058258414
15714.wav,Donald Trump,bona-fide,0,1,0.05327108,0.054273985
15718.wav,Donald Trump,bona-fide,0,1,0.121995345,0.122998245
15724.wav,Donald Trump,bona-fide,0,1,0.062014986,0.06301789
15744.wav,Donald Trump,bona-fide,0,1,0.05913913,0.060142033
15758.wav,Donald Trump,bona-fide,0,1,0.11793758,0.11894048
15793.wav,Donald Trump,bona-fide,0,1,0.046511073,0.047513977
15800.wav,Donald Trump,bona-fide,0,1,0.04693217,0.047935072
15801.wav,Donald Trump,bona-fide,0,1,0.089566745,0.090569645
15805.wav,Donald Trump,bona-fide,0,1,0.101016186,0.10201909
15828.wav,Donald Trump,bona-fide,0,1,0.061293416,0.06229632
15833.wav,Donald Trump,bona-fide,0,1,0.03818445,0.039187353
15837.wav,Donald Trump,bona-fide,0,1,0.04951414,0.050517045
15843.wav,Donald Trump,bona-fide,0,1,0.03419146,0.035194363
15845.wav,Donald Trump,bona-fide,0,1,0.05128671,0.052289613
15873.wav,Donald Trump,bona-fide,0,1,0.043238204,0.044241108
15877.wav,Donald Trump,bona-fide,0,1,0.07224601,0.07324891
15886.wav,Donald Trump,bona-fide,0,1,0.06239808,0.063400984
15894.wav,Donald Trump,bona-fide,0,1,0.09218312,0.09318602
15896.wav,Donald Trump,bona-fide,0,1,0.0839116,0.0849145
15897.wav,Donald Trump,bona-fide,0,1,0.064562224,0.065565124
15905.wav,Donald Trump,bona-fide,0,1,0.045177743,0.046180647
15910.wav,Donald Trump,bona-fide,0,1,0.10975047,0.11075337
15931.wav,Donald Trump,bona-fide,0,1,0.05250525,0.053508155
15932.wav,Donald Trump,bona-fide,0,1,0.068129405,0.069132306
15968.wav,Norm MacDonald,bona-fide,0,1,0.12785028,0.12885319
15974.wav,Donald Trump,bona-fide,0,1,0.054195575,0.05519848
15983.wav,Donald Trump,bona-fide,0,1,0.04524851,0.046251412
15987.wav,Donald Trump,bona-fide,0,1,0.08416427,0.08516717
16006.wav,Donald Trump,bona-fide,0,1,0.043159544,0.04416245
16028.wav,Donald Trump,bona-fide,0,1,0.078452334,0.079455234
16031.wav,Donald Trump,bona-fide,0,1,0.11360674,0.114609644
16039.wav,Donald Trump,spoof,1,1,0.06832332,0.06932622
16041.wav,Norm MacDonald,bona-fide,0,1,0.055028338,0.056031242
16054.wav,Donald Trump,bona-fide,0,1,0.13365445,0.13465735
16067.wav,Donald Trump,bona-fide,0,1,0.06201351,0.063016415
16090.wav,Donald Trump,bona-fide,0,1,0.07683632,0.07783922
16092.wav,Donald Trump,bona-fide,0,1,0.08971582,0.090718724
16097.wav,Donald Trump,bona-fide,0,1,0.054127958,0.05513086
16108.wav,Donald Trump,bona-fide,0,1,0.06886484,0.06986774
16126.wav,Norm MacDonald,spoof,1,1,0.08298964,0.08399254
16142.wav,Donald Trump,bona-fide,0,1,0.050547995,0.0515509
16143.wav,Donald Trump,bona-fide,0,1,0.05057099,0.051573895
16154.wav,Donald Trump,bona-fide,0,1,0.062251728,0.06325463
16156.wav,Donald Trump,bona-fide,0,1,0.07249876,0.07350166
16203.wav,Donald Trump,bona-fide,0,1,0.059573032,0.060575936
16210.wav,Donald Trump,bona-fide,0,1,0.04992623,0.050929133
16212.wav,Donald Trump,bona-fide,0,1,0.0959796,0.0969825
16250.wav,Donald Trump,bona-fide,0,1,0.07159496,0.07259786
16266.wav,Donald Trump,spoof,1,1,0.10403327,0.10503617
16271.wav,Donald Trump,bona-fide,0,1,0.10263731,0.10364021
16281.wav,Donald Trump,bona-fide,0,1,0.053708084,0.054710988
16294.wav,Donald Trump,bona-fide,0,1,0.058630068,0.059632972
16305.wav,Donald Trump,bona-fide,0,1,0.09089056,0.09189346
16312.wav,Donald Trump,bona-fide,0,1,0.10238704,0.10338994
16313.wav,Donald Trump,bona-fide,0,1,0.06228185,0.063284755
16329.wav,Donald Trump,bona-fide,0,1,0.062762,0.0637649
16356.wav,Donald Trump,bona-fide,0,1,0.068700954,0.069703855
16363.wav,Donald Trump,spoof,1,1,0.075893596,0.076896496
16379.wav,Donald Trump,bona-fide,0,1,0.040985588,0.041988492
16397.wav,Donald Trump,bona-fide,0,1,0.1355221,0.136525
16416.wav,Donald Trump,bona-fide,0,1,0.07889883,0.07990173
16421.wav,Donald Trump,bona-fide,0,1,0.05688156,0.057884462
16423.wav,Donald Trump,bona-fide,0,1,0.095140114,0.096143015
16469.wav,Donald Trump,bona-fide,0,1,0.066667244,0.067670144
16470.wav,Donald Trump,bona-fide,0,1,0.0657116,0.0667145
16485.wav,Donald Trump,bona-fide,0,1,0.041142378,0.042145282
16494.wav,Donald Trump,spoof,1,1,0.037423935,0.03842684
16497.wav,Norm MacDonald,spoof,1,1,0.098414175,0.099417076
16509.wav,Donald Trump,bona-fide,0,1,0.044360623,0.045363527
16529.wav,Donald Trump,bona-fide,0,1,0.07278198,0.07378488
16535.wav,Donald Trump,bona-fide,0,1,0.08556103,0.08656393
16541.wav,Donald Trump,bona-fide,0,1,0.095912725,0.096915625
16544.wav,Donald Trump,bona-fide,0,1,0.06045666,0.061459564
16554.wav,Donald Trump,bona-fide,0,1,0.036043487,0.03704639
16564.wav,Donald Trump,bona-fide,0,1,0.042858362,0.043861266
16568.wav,Donald Trump,bona-fide,0,1,0.08694556,0.087948464
16583.wav,Donald Trump,bona-fide,0,1,0.065807156,0.06681006
16584.wav,Donald Trump,bona-fide,0,1,0.116234645,0.117237546
16595.wav,Donald Trump,bona-fide,0,1,0.050270144,0.051273048
16601.wav,Donald Trump,bona-fide,0,1,0.058413476,0.05941638
16603.wav,Donald Trump,bona-fide,0,1,0.044381976,0.04538488
16611.wav,Donald Trump,bona-fide,0,1,0.070072055,0.071074955
16618.wav,Donald Trump,bona-fide,0,1,0.05406771,0.055070613
16638.wav,Donald Trump,bona-fide,0,1,0.09180631,0.09280921
16640.wav,Donald Trump,spoof,1,1,0.039014272,0.040017176
16654.wav,Donald Trump,bona-fide,0,1,0.0811993,0.0822022
16665.wav,Norm MacDonald,spoof,1,1,0.10511083,0.10611373
16670.wav,Donald Trump,bona-fide,0,1,0.04743311,0.048436016
16677.wav,Donald Trump,bona-fide,0,1,0.058049597,0.0590525
16691.wav,Donald Trump,spoof,1,1,0.21281351,0.21381642
16697.wav,Donald Trump,bona-fide,0,1,0.09167578,0.09267868
16747.wav,Donald Trump,bona-fide,0,1,0.078340106,0.079343006
16763.wav,Donald Trump,bona-fide,0,1,0.051564243,0.052567147
16784.wav,Donald Trump,bona-fide,0,1,0.059614524,0.06061743
16785.wav,Donald Trump,bona-fide,0,1,0.03672551,0.037728414
16790.wav,Donald Trump,bona-fide,0,1,0.037308067,0.03831097
16796.wav,Donald Trump,bona-fide,0,1,0.069723606,0.07072651
16801.wav,Donald Trump,bona-fide,0,1,0.043154746,0.04415765
16805.wav,Norm MacDonald,bona-fide,0,1,0.06948706,0.07048996
16814.wav,Donald Trump,bona-fide,0,1,0.04774828,0.048751183
16816.wav,Donald Trump,bona-fide,0,1,0.043862317,0.04486522
16824.wav,Donald Trump,bona-fide,0,1,0.10152904,0.10253194
16846.wav,Donald Trump,spoof,1,1,0.04789393,0.048896834
16847.wav,Donald Trump,bona-fide,0,1,0.06961111,0.07061401
16849.wav,Donald Trump,bona-fide,0,1,0.046193168,0.04719607
16860.wav,Donald Trump,bona-fide,0,1,0.06164505,0.06264795
16879.wav,Donald Trump,bona-fide,0,1,0.04670318,0.047706082
16882.wav,Donald Trump,bona-fide,0,1,0.069783196,0.070786096
16910.wav,Donald Trump,bona-fide,0,1,0.048006423,0.049009327
16920.wav,Donald Trump,bona-fide,0,1,0.051676773,0.052679677
16922.wav,Donald Trump,bona-fide,0,1,0.072032504,0.073035404
16932.wav,Donald Trump,bona-fide,0,1,0.08239973,0.08340263
16949.wav,Donald Trump,bona-fide,0,1,0.085510895,0.086513795
16965.wav,Donald Trump,bona-fide,0,1,0.100800134,0.101803035
16977.wav,Donald Trump,spoof,1,1,0.09098586,0.09198876
17009.wav,Donald Trump,bona-fide,0,1,0.061062437,0.06206534
17023.wav,Donald Trump,bona-fide,0,1,0.0606451,0.061648004
17038.wav,Donald Trump,bona-fide,0,1,0.14016183,0.14116473
17044.wav,Donald Trump,bona-fide,0,1,0.09760266,0.09860556
17050.wav,Donald Trump,bona-fide,0,1,0.06381902,0.06482192
17063.wav,Donald Trump,bona-fide,0,1,0.10556423,0.10656713
17078.wav,Donald Trump,bona-fide,0,1,0.07225758,0.07326048
17079.wav,Donald Trump,bona-fide,0,1,0.06930624,0.07030914
17085.wav,Donald Trump,bona-fide,0,1,0.07329427,0.07429717
17087.wav,Donald Trump,bona-fide,0,1,0.052993625,0.05399653
17089.wav,Donald Trump,spoof,1,1,0.08040023,0.08140313
17093.wav,Donald Trump,bona-fide,0,1,0.0692275,0.0702304
17101.wav,Donald Trump,bona-fide,0,1,0.04745374,0.048456643
17108.wav,Donald Trump,bona-fide,0,1,0.06759518,0.06859808
17110.wav,Donald Trump,bona-fide,0,1,0.070673846,0.071676746
17118.wav,Donald Trump,bona-fide,0,1,0.055612907,0.05661581
17125.wav,Donald Trump,bona-fide,0,1,0.09621423,0.09721713
17130.wav,Donald Trump,bona-fide,0,1,0.03809594,0.039098844
17133.wav,Donald Trump,bona-fide,0,1,0.051937573,0.052940477
17135.wav,Donald Trump,bona-fide,0,1,0.07475882,0.07576172
17147.wav,Donald Trump,bona-fide,0,1,0.091946095,0.092948996
17150.wav,Donald Trump,bona-fide,0,1,0.048453476,0.04945638
17183.wav,Donald Trump,bona-fide,0,1,0.07284381,0.07384671
17195.wav,Donald Trump,bona-fide,0,1,0.07051413,0.07151703
17204.wav,Donald Trump,bona-fide,0,1,0.057939947,0.05894285
17207.wav,Donald Trump,bona-fide,0,1,0.04851893,0.049521834
17222.wav,Donald Trump,bona-fide,0,1,0.07434005,0.07534295
17223.wav,Donald Trump,bona-fide,0,1,0.06579062,0.066793524
17230.wav,Donald Trump,bona-fide,0,1,0.08159823,0.08260113
17241.wav,Donald Trump,bona-fide,0,1,0.11710511,0.11810801
17245.wav,Donald Trump,bona-fide,0,1,0.09601812,0.09702102
17246.wav,Donald Trump,bona-fide,0,1,0.04918237,0.050185274
17254.wav,Donald Trump,bona-fide,0,1,0.04023654,0.041239444
17264.wav,Donald Trump,bona-fide,0,1,0.038682453,0.039685357
17266.wav,Donald Trump,bona-fide,0,1,0.10055392,0.10155682
17277.wav,Donald Trump,bona-fide,0,1,0.08903748,0.09004038
17284.wav,Norm MacDonald,spoof,1,1,0.08305585,0.08405875
17290.wav,Donald Trump,bona-fide,0,1,0.03933941,0.040342312
17292.wav,Donald Trump,bona-fide,0,1,0.056339953,0.057342857
17297.wav,Donald Trump,bona-fide,0,1,0.05488302,0.055885926
17313.wav,Donald Trump,bona-fide,0,1,0.06262709,0.06362999
17324.wav,Donald Trump,bona-fide,0,1,0.091519795,0.092522696
17334.wav,Donald Trump,bona-fide,0,1,0.10615596,0.10715886
17340.wav,Donald Trump,bona-fide,0,1,0.061235316,0.06223822
17345.wav,Donald Trump,bona-fide,0,1,0.09400437,0.09500727
17365.wav,Donald Trump,bona-fide,0,1,0.061957736,0.06296064
17375.wav,Donald Trump,spoof,1,1,0.20080832,0.20181122
17383.wav,Donald Trump,bona-fide,0,1,0.07259064,0.07359354
17385.wav,Donald Trump,bona-fide,0,1,0.042525835,0.04352874
17408.wav,Donald Trump,bona-fide,0,1,0.08636118,0.08736408
17415.wav,Donald Trump,bona-fide,0,1,0.0498011,0.050804004
17433.wav,Donald Trump,bona-fide,0,1,0.11028807,0.11129097
17438.wav,Donald Trump,bona-fide,0,1,0.10233602,0.10333892
17454.wav,Donald Trump,bona-fide,0,1,0.053119205,0.05412211
17455.wav,Donald Trump,bona-fide,0,1,0.03696174,0.037964646
17464.wav,Donald Trump,bona-fide,0,1,0.08513134,0.08613424
17478.wav,Donald Trump,bona-fide,0,1,0.07011157,0.07111447
17485.wav,Donald Trump,bona-fide,0,1,0.07316974,0.07417264
17512.wav,Donald Trump,bona-fide,0,1,0.06003421,0.061037116
17520.wav,Donald Trump,bona-fide,0,1,0.05114134,0.052144244
17526.wav,Donald Trump,bona-fide,0,1,0.06706771,0.06807061
17541.wav,Donald Trump,bona-fide,0,1,0.050328523,0.051331427
17544.wav,Donald Trump,bona-fide,0,1,0.10985676,0.11085966
17545.wav,Donald Trump,bona-fide,0,1,0.059033126,0.06003603
17565.wav,Donald Trump,bona-fide,0,1,0.09201355,0.09301645
17595.wav,Donald Trump,bona-fide,0,1,0.043193426,0.04419633
17597.wav,Donald Trump,bona-fide,0,1,0.080799215,0.081802115
17605.wav,Donald Trump,bona-fide,0,1,0.1020374,0.1030403
17633.wav,Donald Trump,bona-fide,0,1,0.07961358,0.08061648
17637.wav,Donald Trump,bona-fide,0,1,0.05216819,0.053171095
17642.wav,Donald Trump,bona-fide,0,1,0.072165705,0.073168606
17644.wav,Donald Trump,bona-fide,0,1,0.050440107,0.05144301
17673.wav,Donald Trump,bona-fide,0,1,0.07183416,0.07283706
17681.wav,Donald Trump,bona-fide,0,1,0.046025135,0.04702804
17684.wav,Donald Trump,bona-fide,0,1,0.057332702,0.058335606
17689.wav,Donald Trump,bona-fide,0,1,0.059170395,0.0601733
17690.wav,Donald Trump,bona-fide,0,1,0.1285779,0.12958081
17699.wav,Donald Trump,bona-fide,0,1,0.087556906,0.08855981
17702.wav,Donald Trump,spoof,1,1,0.09470182,0.09570472
17709.wav,Donald Trump,bona-fide,0,1,0.073257126,0.074260026
17710.wav,Donald Trump,bona-fide,0,1,0.06261881,0.06362171
17716.wav,Donald Trump,bona-fide,0,1,0.08712123,0.08812413
17734.wav,Donald Trump,bona-fide,0,1,0.07407007,0.075072974
17740.wav,Donald Trump,spoof,1,1,0.12083075,0.12183365
17761.wav,Donald Trump,bona-fide,0,1,0.06705526,0.06805816
17764.wav,Donald Trump,bona-fide,0,1,0.07495233,0.07595523
17768.wav,Donald Trump,bona-fide,0,1,0.055056997,0.0560599
17773.wav,Donald Trump,bona-fide,0,1,0.050237358,0.05124026
17775.wav,Donald Trump,bona-fide,0,1,0.05156587,0.052568775
17782.wav,Donald Trump,bona-fide,0,1,0.065778784,0.066781685
17796.wav,Donald Trump,bona-fide,0,1,0.053132325,0.05413523
17798.wav,Donald Trump,spoof,1,1,0.07135546,0.07235836
17814.wav,Donald Trump,bona-fide,0,1,0.09087697,0.09187987
17818.wav,Donald Trump,bona-fide,0,1,0.07741366,0.07841656
17848.wav,Donald Trump,bona-fide,0,1,0.097309224,0.098312125
17851.wav,Donald Trump,bona-fide,0,1,0.10892378,0.10992668
17852.wav,Norm MacDonald,bona-fide,0,1,0.14745991,0.14846282
17857.wav,Donald Trump,bona-fide,0,1,0.07863504,0.07963794
17864.wav,Donald Trump,bona-fide,0,1,0.051659606,0.05266251
17866.wav,Donald Trump,bona-fide,0,1,0.05168245,0.052685354
17872.wav,Donald Trump,bona-fide,0,1,0.12783708,0.12883998
17882.wav,Donald Trump,bona-fide,0,1,0.06293116,0.06393406
17929.wav,Donald Trump,bona-fide,0,1,0.086909376,0.08791228
17933.wav,Donald Trump,bona-fide,0,1,0.10805885,0.10906175
17939.wav,Donald Trump,bona-fide,0,1,0.038885523,0.039888427
17943.wav,Donald Trump,bona-fide,0,1,0.036965355,0.03796826
17950.wav,Donald Trump,spoof,1,1,0.039168224,0.040171128
17952.wav,Donald Trump,bona-fide,0,1,0.059822258,0.06082516
17974.wav,Donald Trump,bona-fide,0,1,0.06326478,0.06426768
17990.wav,Donald Trump,bona-fide,0,1,0.06557234,0.06657524
17998.wav,Donald Trump,bona-fide,0,1,0.10495449,0.10595739
18013.wav,Norm MacDonald,spoof,1,1,0.07682381,0.07782671
18026.wav,Donald Trump,bona-fide,0,1,0.05702581,0.058028713
18042.wav,Donald Trump,spoof,1,1,0.16240436,0.16340727
18052.wav,Donald Trump,bona-fide,0,1,0.078750975,0.079753876
18055.wav,Donald Trump,bona-fide,0,1,0.055634584,0.05663749
18070.wav,Norm MacDonald,bona-fide,0,1,0.06537156,0.06637446
18074.wav,Donald Trump,bona-fide,0,1,0.08267799,0.08368089
18077.wav,Donald Trump,bona-fide,0,1,0.105444655,0.106447555
18082.wav,Donald Trump,bona-fide,0,1,0.060073603,0.061076507
18089.wav,Donald Trump,bona-fide,0,1,0.05548919,0.056492094
18090.wav,Donald Trump,bona-fide,0,1,0.054855347,0.05585825
18096.wav,Donald Trump,bona-fide,0,1,0.08256167,0.08356457
18100.wav,Donald Trump,spoof,1,1,0.09474947,0.09575237
18105.wav,Donald Trump,bona-fide,0,1,0.08531706,0.08631996
18125.wav,Donald Trump,bona-fide,0,1,0.034955613,0.035958517
18126.wav,Donald Trump,bona-fide,0,1,0.082162425,0.083165325
18144.wav,Donald Trump,bona-fide,0,1,0.04897021,0.049973115
18152.wav,Donald Trump,bona-fide,0,1,0.08907003,0.09007293
18157.wav,Norm MacDonald,bona-fide,0,1,0.09218195,0.09318485
18164.wav,Donald Trump,bona-fide,0,1,0.087437,0.0884399
18166.wav,Donald Trump,bona-fide,0,1,0.122893386,0.123896286
18180.wav,Donald Trump,bona-fide,0,1,0.10618429,0.10718719
18194.wav,Donald Trump,bona-fide,0,1,0.05523996,0.056242865
18208.wav,Donald Trump,bona-fide,0,1,0.09995968,0.10096258
18212.wav,Donald Trump,bona-fide,0,1,0.09506996,0.09607286
18221.wav,Donald Trump,bona-fide,0,1,0.084301695,0.085304596
18223.wav,Donald Trump,bona-fide,0,1,0.13651197,0.13751487
18229.wav,Donald Trump,bona-fide,0,1,0.053538166,0.05454107
18241.wav,Donald Trump,bona-fide,0,1,0.059736606,0.06073951
18259.wav,Donald Trump,bona-fide,0,1,0.064473085,0.065475985
18285.wav,Donald Trump,bona-fide,0,1,0.04525793,0.046260834
18286.wav,Donald Trump,bona-fide,0,1,0.051917594,0.052920498
18294.wav,Donald Trump,bona-fide,0,1,0.05391877,0.054921675
18297.wav,Donald Trump,spoof,1,1,0.30023503,0.30123794
18314.wav,Donald Trump,bona-fide,0,1,0.07239937,0.07340227
18346.wav,Donald Trump,bona-fide,0,1,0.100569926,0.10157283
18353.wav,Donald Trump,bona-fide,0,1,0.051377364,0.052380268
18355.wav,Donald Trump,bona-fide,0,1,0.09377717,0.09478007
18365.wav,Donald Trump,bona-fide,0,1,0.053302605,0.05430551
18407.wav,Donald Trump,bona-fide,0,1,0.04314685,0.044149753
18408.wav,Donald Trump,bona-fide,0,1,0.07843795,0.07944085
18428.wav,Donald Trump,bona-fide,0,1,0.06466896,0.06567186
18432.wav,Donald Trump,bona-fide,0,1,0.036008313,0.037011217
18440.wav,Donald Trump,bona-fide,0,1,0.059631944,0.060634848
18451.wav,Donald Trump,bona-fide,0,1,0.073602766,0.074605666
18464.wav,Donald Trump,bona-fide,0,1,0.08465737,0.08566027
18469.wav,Donald Trump,bona-fide,0,1,0.11658556,0.11758846
18470.wav,Donald Trump,bona-fide,0,1,0.05952865,0.060531553
18472.wav,Donald Trump,spoof,1,1,0.07016591,0.07116881
18485.wav,Donald Trump,bona-fide,0,1,0.06757083,0.06857373
18486.wav,Donald Trump,bona-fide,0,1,0.042467065,0.04346997
18493.wav,Donald Trump,bona-fide,0,1,0.04151534,0.042518243
18497.wav,Donald Trump,bona-fide,0,1,0.053998478,0.05500138
18498.wav,Donald Trump,bona-fide,0,1,0.06736125,0.06836415
18502.wav,Donald Trump,bona-fide,0,1,0.042933915,0.04393682
18510.wav,Donald Trump,bona-fide,0,1,0.056340158,0.057343062
18542.wav,Donald Trump,bona-fide,0,1,0.12036441,0.12136731
18551.wav,Donald Trump,bona-fide,0,1,0.10198535,0.10298825
18564.wav,Donald Trump,bona-fide,0,1,0.037790783,0.038793687
18565.wav,Donald Trump,bona-fide,0,1,0.12594654,0.12694944
18571.wav,Donald Trump,bona-fide,0,1,0.12263762,0.12364052
18574.wav,Donald Trump,bona-fide,0,1,0.05909848,0.060101382
18594.wav,Donald Trump,bona-fide,0,1,0.07441929,0.07542219
18601.wav,Donald Trump,bona-fide,0,1,0.049864635,0.05086754
18608.wav,Donald Trump,bona-fide,0,1,0.045682847,0.04668575
18619.wav,Donald Trump,bona-fide,0,1,0.09840245,0.09940535
18623.wav,Donald Trump,bona-fide,0,1,0.046387408,0.047390312
18626.wav,Donald Trump,bona-fide,0,1,0.08747784,0.08848074
18631.wav,Donald Trump,bona-fide,0,1,0.05054875,0.051551655
18636.wav,Norm MacDonald,spoof,1,1,0.09380959,0.09481249
18652.wav,Donald Trump,bona-fide,0,1,0.12314208,0.12414498
18655.wav,Donald Trump,bona-fide,0,1,0.047635324,0.04863823
18662.wav,Donald Trump,bona-fide,0,1,0.06564165,0.06664455
18678.wav,Donald Trump,bona-fide,0,1,0.08808023,0.08908313
18687.wav,Donald Trump,bona-fide,0,1,0.049887996,0.0508909
18701.wav,Donald Trump,bona-fide,0,1,0.05864929,0.059652194
18707.wav,Donald Trump,bona-fide,0,1,0.07640151,0.07740441
18722.wav,Donald Trump,bona-fide,0,1,0.093852445,0.094855346
18728.wav,Donald Trump,bona-fide,0,1,0.084055275,0.085058175
18733.wav,Donald Trump,bona-fide,0,1,0.11306574,0.11406864
18734.wav,Donald Trump,bona-fide,0,1,0.050583515,0.05158642
18739.wav,Donald Trump,bona-fide,0,1,0.053635314,0.054638218
18746.wav,Donald Trump,bona-fide,0,1,0.041118354,0.042121258
18747.wav,Donald Trump,bona-fide,0,1,0.07295978,0.07396268
18751.wav,Donald Trump,bona-fide,0,1,0.08160407,0.08260697
18753.wav,Donald Trump,bona-fide,0,1,0.06413827,0.06514117
18758.wav,Donald Trump,bona-fide,0,1,0.049566533,0.050569437
18762.wav,Donald Trump,bona-fide,0,1,0.090121135,0.091124035
18780.wav,Donald Trump,bona-fide,0,1,0.048541624,0.049544528
18783.wav,Donald Trump,bona-fide,0,1,0.04783969,0.048842594
18790.wav,Donald Trump,bona-fide,0,1,0.056192838,0.05719574
18792.wav,Donald Trump,bona-fide,0,1,0.08463209,0.08563499
18795.wav,Donald Trump,bona-fide,0,1,0.04153726,0.042540163
18803.wav,Donald Trump,bona-fide,0,1,0.0633344,0.0643373
18808.wav,Donald Trump,bona-fide,0,1,0.03706671,0.038069613
18820.wav,Donald Trump,bona-fide,0,1,0.06963011,0.07063301
18822.wav,Donald Trump,bona-fide,0,1,0.10582701,0.10682991
18828.wav,Donald Trump,bona-fide,0,1,0.10082621,0.10182911
18829.wav,Donald Trump,bona-fide,0,1,0.10345851,0.10446141
18840.wav,Donald Trump,bona-fide,0,1,0.07881824,0.07982114
18842.wav,Donald Trump,bona-fide,0,1,0.041255545,0.04225845
18843.wav,Donald Trump,bona-fide,0,1,0.064695,0.0656979
18847.wav,Norm MacDonald,bona-fide,0,1,0.116737485,0.117740385
18868.wav,Donald Trump,bona-fide,0,1,0.06504551,0.06604841
18884.wav,Donald Trump,bona-fide,0,1,0.045936856,0.04693976
18899.wav,Donald Trump,bona-fide,0,1,0.12314712,0.12415002
18904.wav,Donald Trump,bona-fide,0,1,0.08829059,0.08929349
18910.wav,Donald Trump,bona-fide,0,1,0.047802918,0.04880582
18912.wav,Donald Trump,bona-fide,0,1,0.04694902,0.047951926
18913.wav,Donald Trump,bona-fide,0,1,0.08423215,0.08523505
18916.wav,Donald Trump,bona-fide,0,1,0.04772653,0.048729435
18939.wav,Donald Trump,bona-fide,0,1,0.08003709,0.08103999
18947.wav,Donald Trump,bona-fide,0,1,0.055534177,0.05653708
18959.wav,Donald Trump,bona-fide,0,1,0.08084573,0.08184863
18971.wav,Donald Trump,bona-fide,0,1,0.065263554,0.066266455
18982.wav,Donald Trump,spoof,1,1,0.09280885,0.09381175
18984.wav,Donald Trump,bona-fide,0,1,0.047104172,0.048107076
18985.wav,Donald Trump,bona-fide,0,1,0.06731866,0.06832156
19014.wav,Norm MacDonald,spoof,1,1,0.115725435,0.116728336
19020.wav,Donald Trump,bona-fide,0,1,0.059508085,0.06051099
19029.wav,Donald Trump,bona-fide,0,1,0.10475244,0.10575534
19038.wav,Donald Trump,bona-fide,0,1,0.09391591,0.09491881
19056.wav,Donald Trump,bona-fide,0,1,0.071331695,0.072334595
19074.wav,Donald Trump,bona-fide,0,1,0.048093498,0.0490964
19084.wav,Donald Trump,bona-fide,0,1,0.07198308,0.07298598
19088.wav,Norm MacDonald,spoof,1,1,0.094754994,0.095757894
19091.wav,Donald Trump,bona-fide,0,1,0.046470094,0.047473
19101.wav,Donald Trump,bona-fide,0,1,0.1359635,0.1369664
19103.wav,Donald Trump,bona-fide,0,1,0.072857976,0.073860876
19115.wav,Donald Trump,bona-fide,0,1,0.13608763,0.13709053
19116.wav,Donald Trump,bona-fide,0,1,0.1077393,0.1087422
19123.wav,Donald Trump,bona-fide,0,1,0.037386704,0.03838961
19134.wav,Donald Trump,bona-fide,0,1,0.06717466,0.06817756
19136.wav,Donald Trump,bona-fide,0,1,0.07542802,0.07643092
19138.wav,Norm MacDonald,spoof,1,1,0.07041737,0.07142027
19140.wav,Donald Trump,bona-fide,0,1,0.055591553,0.056594457
19143.wav,Donald Trump,bona-fide,0,1,0.047099527,0.04810243
19144.wav,Donald Trump,bona-fide,0,1,0.060139474,0.061142378
19146.wav,Donald Trump,bona-fide,0,1,0.06380885,0.06481175
19152.wav,Norm MacDonald,spoof,1,1,0.094465725,0.095468625
19153.wav,Donald Trump,bona-fide,0,1,0.048445135,0.04944804
19161.wav,Donald Trump,bona-fide,0,1,0.09645913,0.09746203
19170.wav,Donald Trump,bona-fide,0,1,0.043887563,0.044890467
19175.wav,Donald Trump,bona-fide,0,1,0.067013815,0.068016715
19189.wav,Donald Trump,bona-fide,0,1,0.08825734,0.08926024
19195.wav,Donald Trump,bona-fide,0,1,0.0707213,0.0717242
19223.wav,Donald Trump,bona-fide,0,1,0.052151583,0.053154487
19231.wav,Donald Trump,bona-fide,0,1,0.06446448,0.06546738
19260.wav,Donald Trump,bona-fide,0,1,0.09668768,0.09769058
19267.wav,Donald Trump,bona-fide,0,1,0.07078225,0.07178515
19283.wav,Donald Trump,spoof,1,1,0.055099364,0.05610227
19293.wav,Donald Trump,bona-fide,0,1,0.050696507,0.05169941
19294.wav,Donald Trump,bona-fide,0,1,0.075220264,0.076223165
19302.wav,Donald Trump,bona-fide,0,1,0.031434216,0.03243712
19304.wav,Norm MacDonald,spoof,1,1,0.100950174,0.101953074
19328.wav,Donald Trump,bona-fide,0,1,0.0933958,0.0943987
19342.wav,Donald Trump,bona-fide,0,1,0.071623825,0.072626725
19353.wav,Donald Trump,bona-fide,0,1,0.08996009,0.09096299
19357.wav,Donald Trump,bona-fide,0,1,0.052593026,0.05359593
19376.wav,Donald Trump,bona-fide,0,1,0.054709844,0.05571275
19386.wav,Donald Trump,bona-fide,0,1,0.04845321,0.049456116
19397.wav,Donald Trump,bona-fide,0,1,0.046231415,0.04723432
19403.wav,Donald Trump,bona-fide,0,1,0.1256009,0.12660381
19404.wav,Donald Trump,bona-fide,0,1,0.10058974,0.10159264
19413.wav,Donald Trump,bona-fide,0,1,0.11359037,0.11459327
19418.wav,Donald Trump,bona-fide,0,1,0.052497238,0.053500142
19459.wav,Donald Trump,bona-fide,0,1,0.06177899,0.06278189
19486.wav,Donald Trump,bona-fide,0,1,0.05312215,0.054125056
19502.wav,Donald Trump,bona-fide,0,1,0.05146518,0.052468084
19507.wav,Donald Trump,bona-fide,0,1,0.06916581,0.07016871
19512.wav,Donald Trump,bona-fide,0,1,0.095514365,0.096517265
19517.wav,Donald Trump,bona-fide,0,1,0.070345804,0.071348704
19530.wav,Donald Trump,bona-fide,0,1,0.03459274,0.035595644
19531.wav,Donald Trump,bona-fide,0,1,0.07669133,0.07769423
19532.wav,Donald Trump,bona-fide,0,1,0.05142951,0.052432414
19539.wav,Donald Trump,bona-fide,0,1,0.08471711,0.08572001
19547.wav,Donald Trump,bona-fide,0,1,0.06022078,0.061223686
19549.wav,Donald Trump,bona-fide,0,1,0.07591036,0.07691326
19550.wav,Donald Trump,bona-fide,0,1,0.054755908,0.05575881
19556.wav,Donald Trump,bona-fide,0,1,0.06405411,0.06505701
19559.wav,Donald Trump,bona-fide,0,1,0.07043924,0.07144214
19560.wav,Norm MacDonald,spoof,1,1,0.10678045,0.10778335
19571.wav,Donald Trump,bona-fide,0,1,0.10916084,0.11016374
19574.wav,Donald Trump,bona-fide,0,1,0.09970281,0.10070571
19581.wav,Donald Trump,bona-fide,0,1,0.04673398,0.047736883
19582.wav,Donald Trump,bona-fide,0,1,0.05674621,0.057749115
19585.wav,Donald Trump,bona-fide,0,1,0.06816128,0.06916418
19590.wav,Donald Trump,bona-fide,0,1,0.05164565,0.052648555
19600.wav,Donald Trump,bona-fide,0,1,0.10297214,0.10397504
19615.wav,Donald Trump,bona-fide,0,1,0.041455418,0.042458322
19622.wav,Donald Trump,bona-fide,0,1,0.051635887,0.05263879
19623.wav,Donald Trump,bona-fide,0,1,0.0685189,0.0695218
19626.wav,Donald Trump,bona-fide,0,1,0.096008725,0.097011626
19630.wav,Donald Trump,spoof,1,1,0.045834303,0.046837207
19637.wav,Donald Trump,bona-fide,0,1,0.056108996,0.0571119
19658.wav,Donald Trump,bona-fide,0,1,0.07108061,0.07208351
19664.wav,Donald Trump,bona-fide,0,1,0.047193523,0.048196428
19665.wav,Donald Trump,bona-fide,0,1,0.04950827,0.050511174
19678.wav,Donald Trump,bona-fide,0,1,0.06696988,0.06797278
19684.wav,Donald Trump,bona-fide,0,1,0.04603085,0.047033753
19699.wav,Donald Trump,bona-fide,0,1,0.05467056,0.055673465
19712.wav,Donald Trump,bona-fide,0,1,0.051142197,0.0521451
19725.wav,Donald Trump,bona-fide,0,1,0.091337025,0.092339925
19738.wav,Donald Trump,bona-fide,0,1,0.06704896,0.06805186
19741.wav,Donald Trump,bona-fide,0,1,0.06130717,0.062310074
19758.wav,Donald Trump,bona-fide,0,1,0.051692132,0.052695036
19759.wav,Donald Trump,bona-fide,0,1,0.05445508,0.055457983
19764.wav,Donald Trump,bona-fide,0,1,0.07974865,0.08075155
19779.wav,Donald Trump,bona-fide,0,1,0.08109037,0.08209327
19789.wav,Donald Trump,bona-fide,0,1,0.04923321,0.050236113
19793.wav,Donald Trump,bona-fide,0,1,0.072380126,0.073383026
19800.wav,Donald Trump,bona-fide,0,1,0.09035642,0.09135932
19801.wav,Donald Trump,bona-fide,0,1,0.05372308,0.054725982
19804.wav,Donald Trump,bona-fide,0,1,0.048928015,0.04993092
19826.wav,Donald Trump,bona-fide,0,1,0.09255585,0.09355875
19856.wav,Donald Trump,bona-fide,0,1,0.052233897,0.0532368
19871.wav,Donald Trump,bona-fide,0,1,0.07757018,0.07857308
19876.wav,Donald Trump,bona-fide,0,1,0.07712171,0.07812461
19905.wav,Donald Trump,bona-fide,0,1,0.073745824,0.074748725
19914.wav,Donald Trump,bona-fide,0,1,0.07017032,0.07117322
19915.wav,Norm MacDonald,spoof,1,1,0.08399173,0.08499463
19928.wav,Donald Trump,bona-fide,0,1,0.13247512,0.13347803
19932.wav,Donald Trump,bona-fide,0,1,0.05618734,0.057190243
19941.wav,Donald Trump,bona-fide,0,1,0.0749676,0.0759705
19950.wav,Donald Trump,bona-fide,0,1,0.047685564,0.048688468
19970.wav,Donald Trump,bona-fide,0,1,0.081240125,0.082243025
19981.wav,Donald Trump,bona-fide,0,1,0.0834854,0.0844883
19997.wav,Donald Trump,bona-fide,0,1,0.094780035,0.095782936
20002.wav,Norm MacDonald,spoof,1,1,0.1535447,0.1545476
20006.wav,Donald Trump,bona-fide,0,1,0.077548906,0.07855181
20015.wav,Donald Trump,bona-fide,0,1,0.054495305,0.05549821
20016.wav,Donald Trump,bona-fide,0,1,0.07697213,0.07797503
20020.wav,Norm MacDonald,spoof,1,1,0.071663894,0.072666794
20023.wav,Donald Trump,bona-fide,0,1,0.048004135,0.04900704
20024.wav,Donald Trump,bona-fide,0,1,0.12984613,0.13084903
20029.wav,Donald Trump,bona-fide,0,1,0.10350362,0.10450652
20040.wav,Donald Trump,bona-fide,0,1,0.06001149,0.061014395
20046.wav,Donald Trump,bona-fide,0,1,0.11877385,0.11977675
20052.wav,Donald Trump,bona-fide,0,1,0.04702579,0.048028693
20055.wav,Donald Trump,bona-fide,0,1,0.046214778,0.047217682
20062.wav,Donald Trump,bona-fide,0,1,0.07661521,0.07761811
20065.wav,Donald Trump,bona-fide,0,1,0.06856839,0.069571294
20071.wav,Donald Trump,bona-fide,0,1,0.058873355,0.05987626
20075.wav,Donald Trump,bona-fide,0,1,0.04868018,0.049683083
20077.wav,Donald Trump,bona-fide,0,1,0.056815695,0.0578186
20081.wav,Donald Trump,bona-fide,0,1,0.04941609,0.050418995
20102.wav,Donald Trump,bona-fide,0,1,0.058629494,0.0596324
20103.wav,Donald Trump,bona-fide,0,1,0.07153278,0.07253568
20135.wav,Donald Trump,bona-fide,0,1,0.045584675,0.04658758
20137.wav,Donald Trump,bona-fide,0,1,0.027818356,0.028821258
20142.wav,Donald Trump,bona-fide,0,1,0.0479913,0.048994202
20169.wav,Donald Trump,spoof,1,1,0.060488295,0.0614912
20172.wav,Donald Trump,bona-fide,0,1,0.13358477,0.13458768
20187.wav,Donald Trump,bona-fide,0,1,0.06362306,0.06462596
20201.wav,Donald Trump,bona-fide,0,1,0.050406277,0.05140918
20234.wav,Donald Trump,bona-fide,0,1,0.050178032,0.051180936
20237.wav,Donald Trump,spoof,1,1,0.053156044,0.05415895
20251.wav,Donald Trump,bona-fide,0,1,0.0526268,0.053629704
20286.wav,Donald Trump,bona-fide,0,1,0.08504149,0.08604439
20290.wav,Donald Trump,bona-fide,0,1,0.1035469,0.1045498
20299.wav,Donald Trump,bona-fide,0,1,0.04018945,0.041192353
20300.wav,Donald Trump,bona-fide,0,1,0.054438483,0.055441387
20309.wav,Donald Trump,bona-fide,0,1,0.051880114,0.052883018
20313.wav,Donald Trump,bona-fide,0,1,0.054372318,0.055375222
20317.wav,Donald Trump,bona-fide,0,1,0.055916462,0.056919366
20329.wav,Donald Trump,bona-fide,0,1,0.074332014,0.075334914
20331.wav,Donald Trump,bona-fide,0,1,0.044782724,0.04578563
20338.wav,Donald Trump,spoof,1,1,0.076558314,0.077561215
20341.wav,Norm MacDonald,spoof,1,1,0.10666912,0.10767202
20362.wav,Norm MacDonald,spoof,1,1,0.07427704,0.07527994
20369.wav,Donald Trump,bona-fide,0,1,0.032314196,0.0333171
20375.wav,Donald Trump,bona-fide,0,1,0.033674132,0.034677036
20382.wav,Donald Trump,spoof,1,1,0.07277257,0.07377547
20405.wav,Donald Trump,spoof,1,1,0.092853755,0.093856655
20424.wav,Donald Trump,bona-fide,0,1,0.055381745,0.05638465
20428.wav,Donald Trump,bona-fide,0,1,0.05577898,0.056781884
20431.wav,Donald Trump,bona-fide,0,1,0.050471827,0.05147473
20443.wav,Donald Trump,bona-fide,0,1,0.041502938,0.04250584
20444.wav,Donald Trump,bona-fide,0,1,0.10229188,0.10329478
20471.wav,Donald Trump,bona-fide,0,1,0.06919415,0.07019705
20486.wav,Donald Trump,bona-fide,0,1,0.040078297,0.0410812
20498.wav,Donald Trump,bona-fide,0,1,0.04634425,0.047347154
20502.wav,Donald Trump,bona-fide,0,1,0.08616873,0.08717163
20506.wav,Donald Trump,bona-fide,0,1,0.07962392,0.08062682
20507.wav,Donald Trump,bona-fide,0,1,0.10323402,0.10423692
20513.wav,Donald Trump,bona-fide,0,1,0.08454554,0.08554844
20518.wav,Donald Trump,bona-fide,0,1,0.05934901,0.060351916
20521.wav,Donald Trump,bona-fide,0,1,0.067628324,0.068631224
20523.wav,Donald Trump,bona-fide,0,1,0.07814225,0.07914515
20532.wav,Donald Trump,bona-fide,0,1,0.043250423,0.044253327
20540.wav,Donald Trump,bona-fide,0,1,0.035757452,0.036760356
20542.wav,Donald Trump,bona-fide,0,1,0.07977338,0.08077628
20543.wav,Donald Trump,bona-fide,0,1,0.059221543,0.060224447
20554.wav,Donald Trump,bona-fide,0,1,0.09896138,0.09996428
20557.wav,Donald Trump,bona-fide,0,1,0.10656795,0.10757085
20578.wav,Donald Trump,spoof,1,1,0.08528928,0.08629218
20582.wav,Donald Trump,spoof,1,1,0.0974095,0.0984124
20596.wav,Donald Trump,spoof,1,1,0.12861627,0.12961918
20612.wav,Donald Trump,bona-fide,0,1,0.109394744,0.110397644
20613.wav,Donald Trump,bona-fide,0,1,0.067207985,0.068210885
20629.wav,Donald Trump,bona-fide,0,1,0.072786905,0.073789805
20666.wav,Donald Trump,bona-fide,0,1,0.05110675,0.052109655
20675.wav,Donald Trump,bona-fide,0,1,0.05049499,0.051497895
20700.wav,Donald Trump,bona-fide,0,1,0.08158495,0.08258785
20707.wav,Donald Trump,bona-fide,0,1,0.07859892,0.07960182
20713.wav,Donald Trump,bona-fide,0,1,0.063322105,0.064325005
20724.wav,Donald Trump,bona-fide,0,1,0.09898583,0.09998873
20738.wav,Donald Trump,bona-fide,0,1,0.07716222,0.07816512
20761.wav,Donald Trump,bona-fide,0,1,0.11055806,0.11156096
20763.wav,Donald Trump,bona-fide,0,1,0.048435897,0.0494388
20769.wav,Donald Trump,bona-fide,0,1,0.06920396,0.07020686
20772.wav,Donald Trump,bona-fide,0,1,0.076032475,0.077035375
20800.wav,Donald Trump,spoof,1,1,0.06350687,0.06450977
20818.wav,Donald Trump,spoof,1,1,0.24611385,0.24711676
20826.wav,Donald Trump,bona-fide,0,1,0.08444525,0.08544815
20839.wav,Donald Trump,bona-fide,0,1,0.04034986,0.041352764
20842.wav,Donald Trump,bona-fide,0,1,0.054313857,0.05531676
20846.wav,Donald Trump,bona-fide,0,1,0.06959633,0.07059923
20850.wav,Donald Trump,bona-fide,0,1,0.10610618,0.10710908
20876.wav,Donald Trump,bona-fide,0,1,0.084609725,0.085612625
20881.wav,Donald Trump,bona-fide,0,1,0.046701998,0.0477049
20890.wav,Donald Trump,bona-fide,0,1,0.076480016,0.07748292
20917.wav,Donald Trump,spoof,1,1,0.053022705,0.05402561
20933.wav,Donald Trump,bona-fide,0,1,0.0550099,0.056012806
20947.wav,Donald Trump,bona-fide,0,1,0.08762501,0.08862791
20982.wav,Donald Trump,bona-fide,0,1,0.060493592,0.061496496
20984.wav,Donald Trump,bona-fide,0,1,0.08448605,0.08548895
20987.wav,Donald Trump,bona-fide,0,1,0.06489258,0.06589548
20989.wav,Donald Trump,spoof,1,1,0.037893094,0.038896
20995.wav,Donald Trump,bona-fide,0,1,0.051830105,0.05283301
21005.wav,Donald Trump,bona-fide,0,1,0.061940674,0.06294358
21006.wav,Donald Trump,bona-fide,0,1,0.05718305,0.058185954
21010.wav,Donald Trump,bona-fide,0,1,0.059528284,0.060531188
21012.wav,Donald Trump,bona-fide,0,1,0.09138757,0.09239047
21013.wav,Norm MacDonald,spoof,1,1,0.06322479,0.06422769
21027.wav,Donald Trump,bona-fide,0,1,0.08085631,0.08185921
21032.wav,Donald Trump,bona-fide,0,1,0.09072656,0.09172946
21048.wav,Donald Trump,bona-fide,0,1,0.36167708,0.36268
21064.wav,Donald Trump,bona-fide,0,1,0.095378354,0.096381254
21067.wav,Donald Trump,bona-fide,0,1,0.05520957,0.056212474
21072.wav,Donald Trump,bona-fide,0,1,0.048994776,0.04999768
21074.wav,Norm MacDonald,spoof,1,1,0.15647733,0.15748024
21077.wav,Donald Trump,bona-fide,0,1,0.06493689,0.06593979
21078.wav,Donald Trump,bona-fide,0,1,0.10720846,0.10821136
21086.wav,Norm MacDonald,spoof,1,1,0.083523646,0.08452655
21104.wav,Donald Trump,bona-fide,0,1,0.070005246,0.071008146
21105.wav,Donald Trump,bona-fide,0,1,0.04338309,0.044385996
21107.wav,Donald Trump,bona-fide,0,1,0.1100352,0.1110381
21111.wav,Donald Trump,bona-fide,0,1,0.046483453,0.047486357
21113.wav,Donald Trump,bona-fide,0,1,0.04682786,0.047830764
21114.wav,Norm MacDonald,spoof,1,1,0.099558525,0.100561425
21123.wav,Donald Trump,bona-fide,0,1,0.05663226,0.057635166
21130.wav,Donald Trump,bona-fide,0,1,0.0458285,0.046831403
21136.wav,Donald Trump,bona-fide,0,1,0.06080722,0.061810125
21140.wav,Donald Trump,bona-fide,0,1,0.04654756,0.047550462
21158.wav,Donald Trump,bona-fide,0,1,0.09261775,0.09362065
21164.wav,Donald Trump,bona-fide,0,1,0.044106733,0.045109637
21169.wav,Donald Trump,bona-fide,0,1,0.10931809,0.11032099
21171.wav,Donald Trump,bona-fide,0,1,0.07343727,0.074440174
21177.wav,Donald Trump,bona-fide,0,1,0.09351929,0.09452219
21189.wav,Donald Trump,bona-fide,0,1,0.090795055,0.091797955
21193.wav,Donald Trump,bona-fide,0,1,0.06614835,0.06715125
21196.wav,Donald Trump,bona-fide,0,1,0.038913626,0.03991653
21197.wav,Donald Trump,bona-fide,0,1,0.051696733,0.052699637
21209.wav,Donald Trump,bona-fide,0,1,0.079431206,0.08043411
21215.wav,Donald Trump,bona-fide,0,1,0.05581737,0.056820273
21218.wav,Donald Trump,bona-fide,0,1,0.086069815,0.087072715
21229.wav,Donald Trump,bona-fide,0,1,0.055787213,0.056790117
21253.wav,Donald Trump,bona-fide,0,1,0.120656855,0.121659756
21275.wav,Donald Trump,bona-fide,0,1,0.06768971,0.06869261
21277.wav,Donald Trump,bona-fide,0,1,0.07580046,0.076803364
21293.wav,Donald Trump,bona-fide,0,1,0.11586605,0.11686895
21295.wav,Donald Trump,bona-fide,0,1,0.06715807,0.06816097
21303.wav,Donald Trump,bona-fide,0,1,0.06483926,0.06584216
21325.wav,Donald Trump,bona-fide,0,1,0.053791277,0.05479418
21335.wav,Donald Trump,bona-fide,0,1,0.06568775,0.06669065
21356.wav,Donald Trump,bona-fide,0,1,0.068065956,0.06906886
21362.wav,Norm MacDonald,bona-fide,0,1,0.11825487,0.11925777
21375.wav,Donald Trump,bona-fide,0,1,0.04170695,0.042709854
21396.wav,Donald Trump,bona-fide,0,1,0.041905444,0.04290835
21407.wav,Donald Trump,bona-fide,0,1,0.08214262,0.08314552
21415.wav,Donald Trump,bona-fide,0,1,0.06154796,0.062550865
21422.wav,Donald Trump,bona-fide,0,1,0.11004623,0.11104913
21441.wav,Donald Trump,spoof,1,1,0.22102101,0.22202392
21447.wav,Donald Trump,bona-fide,0,1,0.05158688,0.052589785
21471.wav,Donald Trump,bona-fide,0,1,0.06236678,0.063369684
21474.wav,Donald Trump,bona-fide,0,1,0.061781604,0.06278451
21483.wav,Donald Trump,bona-fide,0,1,0.058279175,0.05928208
21497.wav,Donald Trump,bona-fide,0,1,0.06820927,0.06921217
21506.wav,Donald Trump,bona-fide,0,1,0.10726817,0.10827107
21519.wav,Donald Trump,bona-fide,0,1,0.06329146,0.06429436
21550.wav,Donald Trump,bona-fide,0,1,0.046749268,0.04775217
21559.wav,Donald Trump,bona-fide,0,1,0.03463451,0.035637412
21562.wav,Donald Trump,bona-fide,0,1,0.054428376,0.05543128
21575.wav,Donald Trump,bona-fide,0,1,0.06794872,0.06895162
21577.wav,Donald Trump,bona-fide,0,1,0.07951735,0.08052025
21578.wav,Donald Trump,bona-fide,0,1,0.06814661,0.06914951
21598.wav,Donald Trump,bona-fide,0,1,0.052174103,0.053177007
21605.wav,Donald Trump,bona-fide,0,1,0.041621536,0.04262444
21609.wav,Donald Trump,bona-fide,0,1,0.050246693,0.051249597
21624.wav,Donald Trump,bona-fide,0,1,0.10518509,0.10618799
21625.wav,Donald Trump,bona-fide,0,1,0.0860812,0.0870841
21626.wav,Donald Trump,bona-fide,0,1,0.05810161,0.059104513
21645.wav,Donald Trump,bona-fide,0,1,0.06027651,0.061279412
21648.wav,Donald Trump,bona-fide,0,1,0.051942285,0.05294519
21650.wav,Donald Trump,bona-fide,0,1,0.08161632,0.08261922
21651.wav,Donald Trump,bona-fide,0,1,0.07499008,0.07599298
21671.wav,Norm MacDonald,bona-fide,0,1,0.07138749,0.07239039
21684.wav,Donald Trump,bona-fide,0,1,0.073567085,0.074569985
21705.wav,Donald Trump,bona-fide,0,1,0.047067594,0.048070498
21707.wav,Donald Trump,bona-fide,0,1,0.054095384,0.055098288
21709.wav,Donald Trump,bona-fide,0,1,0.06265389,0.06365679
21714.wav,Donald Trump,bona-fide,0,1,0.099611096,0.100614
21729.wav,Donald Trump,bona-fide,0,1,0.053389058,0.05439196
21733.wav,Donald Trump,bona-fide,0,1,0.10462612,0.10562902
21745.wav,Donald Trump,bona-fide,0,1,0.040501438,0.041504342
21750.wav,Donald Trump,bona-fide,0,1,0.06726056,0.06826346
21759.wav,Donald Trump,bona-fide,0,1,0.043353744,0.044356648
21760.wav,Donald Trump,bona-fide,0,1,0.071935,0.0729379
21777.wav,Donald Trump,bona-fide,0,1,0.06199025,0.062993154
21780.wav,Donald Trump,bona-fide,0,1,0.05350172,0.054504625
21784.wav,Donald Trump,bona-fide,0,1,0.048099108,0.049102012
21790.wav,Donald Trump,bona-fide,0,1,0.08677796,0.08778086
21793.wav,Donald Trump,bona-fide,0,1,0.07208932,0.07309222
21806.wav,Donald Trump,spoof,1,1,0.051531576,0.05253448
21813.wav,Donald Trump,bona-fide,0,1,0.06508064,0.06608354
21837.wav,Donald Trump,bona-fide,0,1,0.05317515,0.054178055
21847.wav,Donald Trump,spoof,1,1,0.04288236,0.043885265
21849.wav,Donald Trump,bona-fide,0,1,0.05028374,0.051286645
21880.wav,Donald Trump,bona-fide,0,1,0.043365907,0.04436881
21881.wav,Donald Trump,bona-fide,0,1,0.046339616,0.04734252
21883.wav,Donald Trump,bona-fide,0,1,0.060799696,0.0618026
21886.wav,Donald Trump,bona-fide,0,1,0.08336681,0.08436971
21903.wav,Donald Trump,spoof,1,1,0.048150107,0.04915301
21911.wav,Donald Trump,bona-fide,0,1,0.06499611,0.06599901
21917.wav,Donald Trump,bona-fide,0,1,0.061904963,0.06290787
21924.wav,Donald Trump,bona-fide,0,1,0.11533125,0.11633415
21947.wav,Donald Trump,bona-fide,0,1,0.10918872,0.11019162
21967.wav,Donald Trump,bona-fide,0,1,0.059072003,0.060074907
21972.wav,Donald Trump,bona-fide,0,1,0.07920133,0.08020423
21984.wav,Donald Trump,bona-fide,0,1,0.06390421,0.06490711
21985.wav,Donald Trump,bona-fide,0,1,0.104663506,0.10566641
21989.wav,Donald Trump,bona-fide,0,1,0.053222626,0.05422553
22004.wav,Donald Trump,bona-fide,0,1,0.048451602,0.049454506
22005.wav,Donald Trump,bona-fide,0,1,0.057091992,0.058094896
22023.wav,Donald Trump,bona-fide,0,1,0.050050218,0.05105312
22038.wav,Donald Trump,bona-fide,0,1,0.06304633,0.06404923
22048.wav,Donald Trump,bona-fide,0,1,0.07312974,0.07413264
22049.wav,Donald Trump,bona-fide,0,1,0.049948424,0.050951328
22051.wav,Donald Trump,bona-fide,0,1,0.04758282,0.048585724
22072.wav,Donald Trump,bona-fide,0,1,0.043200754,0.044203658
22077.wav,Donald Trump,bona-fide,0,1,0.056936804,0.05793971
22097.wav,Donald Trump,bona-fide,0,1,0.07244999,0.07345289
22098.wav,Donald Trump,bona-fide,0,1,0.06832445,0.06932735
22105.wav,Donald Trump,bona-fide,0,1,0.0693476,0.0703505
22106.wav,Donald Trump,bona-fide,0,1,0.06808979,0.06909269
22138.wav,Donald Trump,bona-fide,0,1,0.12831473,0.12931764
22142.wav,Donald Trump,spoof,1,1,0.03828636,0.039289266
22177.wav,Donald Trump,bona-fide,0,1,0.046908002,0.047910906
22178.wav,Donald Trump,bona-fide,0,1,0.040878367,0.04188127
22198.wav,Donald Trump,bona-fide,0,1,0.10590628,0.10690918
22208.wav,Donald Trump,bona-fide,0,1,0.0481502,0.049153104
22211.wav,Donald Trump,bona-fide,0,1,0.04431019,0.045313094
22226.wav,Donald Trump,bona-fide,0,1,0.054024704,0.055027608
22233.wav,Donald Trump,spoof,1,1,0.043203086,0.04420599
22251.wav,Donald Trump,bona-fide,0,1,0.048026048,0.04902895
22259.wav,Donald Trump,bona-fide,0,1,0.05937468,0.060377583
22298.wav,Donald Trump,bona-fide,0,1,0.06879473,0.06979763
22300.wav,Donald Trump,bona-fide,0,1,0.04428256,0.045285463
22304.wav,Donald Trump,bona-fide,0,1,0.061106674,0.06210958
22323.wav,Donald Trump,bona-fide,0,1,0.072885714,0.073888615
22324.wav,Donald Trump,bona-fide,0,1,0.037750863,0.038753767
22327.wav,Donald Trump,bona-fide,0,1,0.06112189,0.062124792
22328.wav,Donald Trump,bona-fide,0,1,0.05557991,0.056582812
22332.wav,Donald Trump,bona-fide,0,1,0.06733615,0.06833905
22340.wav,Donald Trump,bona-fide,0,1,0.10422985,0.10523275
22343.wav,Donald Trump,bona-fide,0,1,0.038978677,0.03998158
22355.wav,Donald Trump,bona-fide,0,1,0.062363457,0.06336636
22361.wav,Donald Trump,bona-fide,0,1,0.13553928,0.13654219
22365.wav,Donald Trump,bona-fide,0,1,0.108901985,0.109904885
22374.wav,Donald Trump,bona-fide,0,1,0.055874065,0.05687697
22376.wav,Donald Trump,bona-fide,0,1,0.09136253,0.09236543
22388.wav,Donald Trump,bona-fide,0,1,0.081307404,0.082310304
22391.wav,Donald Trump,bona-fide,0,1,0.06667766,0.06768056
22402.wav,Donald Trump,bona-fide,0,1,0.048409283,0.049412187
22403.wav,Donald Trump,bona-fide,0,1,0.05825583,0.059258733
22416.wav,Donald Trump,bona-fide,0,1,0.041891538,0.04289444
22417.wav,Donald Trump,bona-fide,0,1,0.07323785,0.07424075
22422.wav,Donald Trump,bona-fide,0,1,0.06793633,0.06893923
22446.wav,Donald Trump,bona-fide,0,1,0.06350299,0.06450589
22448.wav,Donald Trump,bona-fide,0,1,0.06311948,0.06412238
22464.wav,Donald Trump,bona-fide,0,1,0.067688696,0.0686916
22480.wav,Donald Trump,bona-fide,0,1,0.055900626,0.05690353
22497.wav,Donald Trump,bona-fide,0,1,0.096344195,0.097347096
22499.wav,Donald Trump,bona-fide,0,1,0.045091573,0.046094477
22513.wav,Donald Trump,bona-fide,0,1,0.08549365,0.08649655
22515.wav,Donald Trump,bona-fide,0,1,0.11475448,0.11575738
22524.wav,Donald Trump,bona-fide,0,1,0.05760893,0.058611833
22527.wav,Donald Trump,bona-fide,0,1,0.06483683,0.06583973
22547.wav,Donald Trump,bona-fide,0,1,0.059340145,0.06034305
22551.wav,Donald Trump,spoof,1,1,0.040206254,0.041209158
22555.wav,Donald Trump,bona-fide,0,1,0.11117691,0.11217981
22593.wav,Donald Trump,bona-fide,0,1,0.07317755,0.074180454
22595.wav,Donald Trump,bona-fide,0,1,0.12260371,0.12360661
22600.wav,Donald Trump,bona-fide,0,1,0.3573622,0.35836512
22615.wav,Donald Trump,bona-fide,0,1,0.07184715,0.07285005
22617.wav,Donald Trump,bona-fide,0,1,0.04388512,0.044888023
22628.wav,Donald Trump,bona-fide,0,1,0.057159144,0.05816205
22666.wav,Donald Trump,bona-fide,0,1,0.036032774,0.037035678
22677.wav,Donald Trump,bona-fide,0,1,0.072412185,0.073415086
22686.wav,Donald Trump,bona-fide,0,1,0.06077679,0.061779693
22687.wav,Donald Trump,bona-fide,0,1,0.04315573,0.044158634
22691.wav,Donald Trump,bona-fide,0,1,0.05593223,0.056935135
22728.wav,Donald Trump,bona-fide,0,1,0.12254479,0.12354769
22733.wav,Donald Trump,bona-fide,0,1,0.049615275,0.05061818
22734.wav,Donald Trump,bona-fide,0,1,0.052318513,0.053321417
22749.wav,Donald Trump,bona-fide,0,1,0.054686468,0.055689372
22754.wav,Donald Trump,bona-fide,0,1,0.08993158,0.09093448
22758.wav,Donald Trump,bona-fide,0,1,0.07027893,0.07128183
22783.wav,Norm MacDonald,bona-fide,0,1,0.07017293,0.07117583
22786.wav,Donald Trump,bona-fide,0,1,0.05226148,0.053264383
22787.wav,Donald Trump,bona-fide,0,1,0.074266315,0.075269215
22789.wav,Donald Trump,bona-fide,0,1,0.08031316,0.08131606
22807.wav,Donald Trump,bona-fide,0,1,0.037579186,0.03858209
22809.wav,Donald Trump,bona-fide,0,1,0.043485977,0.04448888
22811.wav,Donald Trump,bona-fide,0,1,0.055254065,0.05625697
22838.wav,Donald Trump,bona-fide,0,1,0.095358126,0.096361026
22842.wav,Norm MacDonald,spoof,1,1,0.13579766,0.13680057
22843.wav,Norm MacDonald,spoof,1,1,0.1425478,0.14355071
22850.wav,Donald Trump,bona-fide,0,1,0.07874505,0.07974795
22855.wav,Donald Trump,bona-fide,0,1,0.08963608,0.09063898
22883.wav,Donald Trump,bona-fide,0,1,0.10495315,0.10595605
22899.wav,Donald Trump,bona-fide,0,1,0.109227754,0.110230654
22913.wav,Donald Trump,bona-fide,0,1,0.04405721,0.045060113
22925.wav,Donald Trump,bona-fide,0,1,0.05033988,0.051342785
22929.wav,Donald Trump,bona-fide,0,1,0.045799393,0.046802297
22941.wav,Donald Trump,bona-fide,0,1,0.1142056,0.1152085
22951.wav,Donald Trump,spoof,1,1,0.2611632,0.2621661
22960.wav,Donald Trump,bona-fide,0,1,0.0665131,0.067516
22973.wav,Donald Trump,spoof,1,1,0.054079924,0.055082828
22976.wav,Norm MacDonald,spoof,1,1,0.09382216,0.09482506
22983.wav,Donald Trump,bona-fide,0,1,0.08324461,0.08424751
22985.wav,Donald Trump,bona-fide,0,1,0.05084736,0.051850263
22990.wav,Donald Trump,bona-fide,0,1,0.06974207,0.07074497
23024.wav,Donald Trump,bona-fide,0,1,0.085931346,0.086934246
23032.wav,Donald Trump,bona-fide,0,1,0.077483974,0.078486875
23046.wav,Donald Trump,bona-fide,0,1,0.054700334,0.055703238
23048.wav,Donald Trump,bona-fide,0,1,0.06276357,0.06376647
23059.wav,Donald Trump,bona-fide,0,1,0.07525246,0.07625536
23061.wav,Donald Trump,bona-fide,0,1,0.06743799,0.06844089
23063.wav,Donald Trump,bona-fide,0,1,0.052107524,0.05311043
23067.wav,Donald Trump,bona-fide,0,1,0.043044213,0.044047117
23070.wav,Donald Trump,spoof,1,1,0.19661002,0.19761293
23074.wav,Donald Trump,bona-fide,0,1,0.10562951,0.10663241
23078.wav,Donald Trump,bona-fide,0,1,0.09794961,0.09895251
23101.wav,Donald Trump,bona-fide,0,1,0.062327538,0.06333044
23120.wav,Donald Trump,bona-fide,0,1,0.05767139,0.058674295
23130.wav,Donald Trump,bona-fide,0,1,0.05731563,0.058318533
23165.wav,Donald Trump,bona-fide,0,1,0.053645354,0.054648258
23182.wav,Donald Trump,bona-fide,0,1,0.04493094,0.045933843
23190.wav,Donald Trump,bona-fide,0,1,0.050057784,0.051060688
23204.wav,Donald Trump,bona-fide,0,1,0.065535925,0.066538826
23209.wav,Donald Trump,bona-fide,0,1,0.046389356,0.04739226
23212.wav,Donald Trump,spoof,1,1,0.05882554,0.059828445
23213.wav,Donald Trump,bona-fide,0,1,0.047744192,0.048747096
23217.wav,Donald Trump,bona-fide,0,1,0.036604345,0.03760725
23221.wav,Donald Trump,bona-fide,0,1,0.051803697,0.0528066
23225.wav,Donald Trump,bona-fide,0,1,0.032025788,0.033028692
23242.wav,Donald Trump,bona-fide,0,1,0.057084713,0.058087617
23243.wav,Donald Trump,bona-fide,0,1,0.0647626,0.0657655
23244.wav,Norm MacDonald,spoof,1,1,0.08603139,0.08703429
23258.wav,Donald Trump,bona-fide,0,1,0.05190243,0.052905332
23260.wav,Donald Trump,bona-fide,0,1,0.05420769,0.055210594
23271.wav,Donald Trump,bona-fide,0,1,0.051505256,0.05250816
23280.wav,Donald Trump,bona-fide,0,1,0.051792886,0.05279579
23282.wav,Donald Trump,bona-fide,0,1,0.080802724,0.081805624
23306.wav,Donald Trump,bona-fide,0,1,0.05324262,0.054245524
23327.wav,Donald Trump,bona-fide,0,1,0.08972536,0.09072826
23344.wav,Donald Trump,bona-fide,0,1,0.11047087,0.11147377
23352.wav,Donald Trump,bona-fide,0,1,0.09993031,0.10093321
23353.wav,Donald Trump,bona-fide,0,1,0.0954188,0.0964217
23354.wav,Donald Trump,bona-fide,0,1,0.05236815,0.053371053
23370.wav,Donald Trump,bona-fide,0,1,0.076179095,0.077181995
23398.wav,Donald Trump,bona-fide,0,1,0.09439985,0.09540275
23423.wav,Donald Trump,bona-fide,0,1,0.0873558,0.0883587
23427.wav,Donald Trump,bona-fide,0,1,0.07700326,0.07800616
23440.wav,Donald Trump,bona-fide,0,1,0.0626454,0.0636483
23452.wav,Donald Trump,bona-fide,0,1,0.07102471,0.07202761
23458.wav,Donald Trump,bona-fide,0,1,0.12868492,0.12968783
23463.wav,Donald Trump,bona-fide,0,1,0.09809053,0.09909343
23516.wav,Donald Trump,bona-fide,0,1,0.053951327,0.05495423
23518.wav,Donald Trump,bona-fide,0,1,0.078071,0.0790739
23519.wav,Donald Trump,bona-fide,0,1,0.08949738,0.09050028
23524.wav,Donald Trump,bona-fide,0,1,0.06659792,0.067600824
23529.wav,Donald Trump,bona-fide,0,1,0.04629519,0.047298092
23530.wav,Donald Trump,bona-fide,0,1,0.037364673,0.038367577
23555.wav,Donald Trump,bona-fide,0,1,0.09012949,0.09113239
23563.wav,Donald Trump,bona-fide,0,1,0.07062085,0.07162375
23564.wav,Donald Trump,bona-fide,0,1,0.055969883,0.056972787
23566.wav,Donald Trump,bona-fide,0,1,0.08902085,0.09002375
23570.wav,Donald Trump,bona-fide,0,1,0.046041958,0.047044862
23581.wav,Norm MacDonald,spoof,1,1,0.07027866,0.07128156
23605.wav,Donald Trump,bona-fide,0,1,0.05567161,0.056674514
23609.wav,Donald Trump,bona-fide,0,1,0.07294861,0.07395151
23613.wav,Donald Trump,bona-fide,0,1,0.10101053,0.10201343
23623.wav,Donald Trump,bona-fide,0,1,0.05355729,0.054560196
23632.wav,Donald Trump,bona-fide,0,1,0.115174666,0.11617757
23649.wav,Donald Trump,bona-fide,0,1,0.08670277,0.08770567
23662.wav,Donald Trump,bona-fide,0,1,0.07962274,0.08062564
23663.wav,Norm MacDonald,bona-fide,0,1,0.073033504,0.074036404
23666.wav,Donald Trump,bona-fide,0,1,0.06173678,0.062739685
23675.wav,Donald Trump,bona-fide,0,1,0.07662717,0.07763007
23711.wav,Donald Trump,bona-fide,0,1,0.0795589,0.0805618
23713.wav,Donald Trump,bona-fide,0,1,0.06354171,0.06454461
23714.wav,Donald Trump,bona-fide,0,1,0.04787948,0.048882384
23737.wav,Donald Trump,bona-fide,0,1,0.052224502,0.053227406
23754.wav,Donald Trump,bona-fide,0,1,0.06728479,0.06828769
23755.wav,Donald Trump,bona-fide,0,1,0.11200618,0.11300908
23768.wav,Donald Trump,bona-fide,0,1,0.091248445,0.092251346
23770.wav,Donald Trump,bona-fide,0,1,0.048003048,0.04900595
23778.wav,Donald Trump,bona-fide,0,1,0.07478049,0.07578339
23787.wav,Donald Trump,bona-fide,0,1,0.057650384,0.058653288
23799.wav,Donald Trump,bona-fide,0,1,0.087246925,0.088249825
23828.wav,Donald Trump,bona-fide,0,1,0.073123805,0.074126706
23833.wav,Donald Trump,bona-fide,0,1,0.049483627,0.05048653
23835.wav,Donald Trump,spoof,1,1,0.05247371,0.053476613
23837.wav,Donald Trump,bona-fide,0,1,0.075565,0.0765679
23839.wav,Donald Trump,bona-fide,0,1,0.0918177,0.0928206
23854.wav,Donald Trump,bona-fide,0,1,0.063367985,0.064370885
23856.wav,Donald Trump,bona-fide,0,1,0.054615047,0.05561795
23860.wav,Donald Trump,bona-fide,0,1,0.06026669,0.061269592
23871.wav,Donald Trump,bona-fide,0,1,0.05160928,0.052612185
23875.wav,Donald Trump,bona-fide,0,1,0.11744774,0.11845064
23876.wav,Donald Trump,bona-fide,0,1,0.09781946,0.09882236
23912.wav,Donald Trump,bona-fide,0,1,0.060339037,0.06134194
23913.wav,Donald Trump,bona-fide,0,1,0.07152964,0.07253254
23919.wav,Donald Trump,bona-fide,0,1,0.045210347,0.04621325
23930.wav,Donald Trump,bona-fide,0,1,0.06618831,0.06719121
23957.wav,Donald Trump,bona-fide,0,1,0.04586473,0.046867635
23968.wav,Donald Trump,bona-fide,0,1,0.113588616,0.11459152
23975.wav,Donald Trump,spoof,1,1,0.07854371,0.07954661
23982.wav,Donald Trump,bona-fide,0,1,0.07948574,0.08048864
23987.wav,Donald Trump,bona-fide,0,1,0.07356685,0.07456975
23988.wav,Donald Trump,bona-fide,0,1,0.066472284,0.067475185
23994.wav,Donald Trump,bona-fide,0,1,0.09952643,0.10052933
24006.wav,Donald Trump,bona-fide,0,1,0.050534874,0.05153778
24026.wav,Donald Trump,bona-fide,0,1,0.070701845,0.071704745
24042.wav,Donald Trump,bona-fide,0,1,0.07530672,0.07630962
24049.wav,Donald Trump,bona-fide,0,1,0.07431105,0.07531395
24052.wav,Donald Trump,bona-fide,0,1,0.06151602,0.062518924
24059.wav,Donald Trump,spoof,1,1,0.11969447,0.12069737
24065.wav,Norm MacDonald,bona-fide,0,1,0.12442962,0.12543252
24069.wav,Donald Trump,bona-fide,0,1,0.06611792,0.06712082
24072.wav,Donald Trump,bona-fide,0,1,0.0643101,0.065313004
24073.wav,Donald Trump,bona-fide,0,1,0.1274268,0.12842971
24085.wav,Donald Trump,bona-fide,0,1,0.035210796,0.0362137
24093.wav,Donald Trump,bona-fide,0,1,0.096387714,0.097390614
24114.wav,Donald Trump,bona-fide,0,1,0.04762086,0.048623763
24130.wav,Donald Trump,bona-fide,0,1,0.041176356,0.04217926
24140.wav,Norm MacDonald,bona-fide,0,1,0.058814894,0.0598178
24146.wav,Donald Trump,bona-fide,0,1,0.117574185,0.118577085
24151.wav,Donald Trump,bona-fide,0,1,0.06354962,0.06455252
24158.wav,Donald Trump,bona-fide,0,1,0.04074204,0.041744944
24169.wav,Donald Trump,bona-fide,0,1,0.06295166,0.06395456
24171.wav,Donald Trump,bona-fide,0,1,0.09075558,0.09175848
24181.wav,Donald Trump,bona-fide,0,1,0.035456665,0.03645957
24205.wav,Donald Trump,bona-fide,0,1,0.07105598,0.07205888
24209.wav,Donald Trump,bona-fide,0,1,0.038055636,0.03905854
24235.wav,Donald Trump,bona-fide,0,1,0.049796995,0.0507999
24257.wav,Donald Trump,bona-fide,0,1,0.10148026,0.10248316
24262.wav,Norm MacDonald,spoof,1,1,0.1064722,0.1074751
24281.wav,Donald Trump,bona-fide,0,1,0.057548653,0.058551557
24297.wav,Donald Trump,bona-fide,0,1,0.03934386,0.040346764
24308.wav,Donald Trump,bona-fide,0,1,0.07478624,0.07578914
24330.wav,Donald Trump,bona-fide,0,1,0.08126703,0.08226993
24334.wav,Donald Trump,bona-fide,0,1,0.06861102,0.06961392
24338.wav,Donald Trump,bona-fide,0,1,0.07161336,0.07261626
24360.wav,Donald Trump,bona-fide,0,1,0.0860922,0.0870951
24366.wav,Donald Trump,bona-fide,0,1,0.05518052,0.056183424
24369.wav,Donald Trump,bona-fide,0,1,0.06940929,0.07041219
24390.wav,Norm MacDonald,spoof,1,1,0.120926596,0.1219295
24394.wav,Donald Trump,bona-fide,0,1,0.1514923,0.1524952
24396.wav,Donald Trump,bona-fide,0,1,0.056786243,0.057789147
24407.wav,Donald Trump,bona-fide,0,1,0.11550578,0.11650868
24413.wav,Donald Trump,bona-fide,0,1,0.107177444,0.108180344
24415.wav,Donald Trump,bona-fide,0,1,0.05403247,0.055035375
24416.wav,Donald Trump,bona-fide,0,1,0.05440255,0.055405453
24424.wav,Donald Trump,bona-fide,0,1,0.076921664,0.077924564
24428.wav,Donald Trump,bona-fide,0,1,0.060663894,0.061666798
24446.wav,Donald Trump,bona-fide,0,1,0.07866932,0.07967222
24447.wav,Donald Trump,bona-fide,0,1,0.0904538,0.091456704
24460.wav,Donald Trump,bona-fide,0,1,0.04334572,0.044348624
24465.wav,Donald Trump,bona-fide,0,1,0.06511765,0.06612055
24467.wav,Donald Trump,bona-fide,0,1,0.033676926,0.03467983
24479.wav,Donald Trump,bona-fide,0,1,0.096233174,0.097236075
24483.wav,Donald Trump,bona-fide,0,1,0.06118612,0.062189024
24492.wav,Donald Trump,spoof,1,1,0.2140602,0.21506311
24494.wav,Donald Trump,bona-fide,0,1,0.09928505,0.10028795
24503.wav,Donald Trump,bona-fide,0,1,0.061560053,0.06256296
24511.wav,Donald Trump,bona-fide,0,1,0.046483345,0.04748625
24518.wav,Donald Trump,bona-fide,0,1,0.11146481,0.11246771
24525.wav,Donald Trump,bona-fide,0,1,0.0944944,0.0954973
24526.wav,Donald Trump,bona-fide,0,1,0.05041047,0.051413376
24527.wav,Donald Trump,bona-fide,0,1,0.11677324,0.11777614
24553.wav,Donald Trump,bona-fide,0,1,0.054838717,0.05584162
24559.wav,Donald Trump,bona-fide,0,1,0.083165765,0.084168665
24577.wav,Donald Trump,bona-fide,0,1,0.04161325,0.042616155
24578.wav,Donald Trump,bona-fide,0,1,0.09676968,0.09777258
24582.wav,Donald Trump,bona-fide,0,1,0.04334881,0.044351716
24588.wav,Donald Trump,bona-fide,0,1,0.07307649,0.07407939
24596.wav,Donald Trump,bona-fide,0,1,0.09215594,0.09315884
24599.wav,Donald Trump,spoof,1,1,0.05470065,0.055703554
24603.wav,Donald Trump,bona-fide,0,1,0.088157594,0.089160495
24606.wav,Donald Trump,bona-fide,0,1,0.068964034,0.069966935
24617.wav,Donald Trump,bona-fide,0,1,0.11882818,0.11983108
24622.wav,Donald Trump,bona-fide,0,1,0.0848131,0.085816
24637.wav,Donald Trump,bona-fide,0,1,0.051893525,0.05289643
24639.wav,Donald Trump,bona-fide,0,1,0.051252097,0.052255
24657.wav,Donald Trump,bona-fide,0,1,0.04549636,0.046499263
24666.wav,Donald Trump,bona-fide,0,1,0.116961986,0.117964886
24667.wav,Donald Trump,bona-fide,0,1,0.123252906,0.124255806
24668.wav,Donald Trump,bona-fide,0,1,0.08652108,0.08752398
24678.wav,Donald Trump,bona-fide,0,1,0.06882265,0.06982555
24692.wav,Donald Trump,bona-fide,0,1,0.041854292,0.042857196
24723.wav,Donald Trump,bona-fide,0,1,0.047634345,0.04863725
24733.wav,Donald Trump,bona-fide,0,1,0.06640564,0.06740854
24751.wav,Donald Trump,spoof,1,1,0.06847452,0.069477424
24762.wav,Donald Trump,bona-fide,0,1,0.080080114,0.081083015
24763.wav,Donald Trump,bona-fide,0,1,0.064541996,0.065544896
24773.wav,Donald Trump,bona-fide,0,1,0.054750133,0.055753037
24781.wav,Donald Trump,bona-fide,0,1,0.06364055,0.06464345
24818.wav,Donald Trump,bona-fide,0,1,0.06322378,0.06422668
24821.wav,Donald Trump,bona-fide,0,1,0.035226572,0.036229476
24823.wav,Donald Trump,bona-fide,0,1,0.092449844,0.093452744
24836.wav,Donald Trump,bona-fide,0,1,0.105176434,0.106179334
24846.wav,Donald Trump,bona-fide,0,1,0.06531248,0.06631538
24855.wav,Donald Trump,bona-fide,0,1,0.053177886,0.05418079
24867.wav,Donald Trump,bona-fide,0,1,0.07219531,0.07319821
24873.wav,Donald Trump,bona-fide,0,1,0.03802236,0.039025266
24877.wav,Donald Trump,bona-fide,0,1,0.043203793,0.044206697
24883.wav,Donald Trump,bona-fide,0,1,0.053724155,0.05472706
24884.wav,Donald Trump,bona-fide,0,1,0.070651576,0.071654476
24886.wav,Donald Trump,bona-fide,0,1,0.07577123,0.07677413
24892.wav,Donald Trump,bona-fide,0,1,0.06316057,0.06416347
24894.wav,Donald Trump,bona-fide,0,1,0.048346113,0.049349017
24906.wav,Donald Trump,bona-fide,0,1,0.084132746,0.085135646
24915.wav,Donald Trump,bona-fide,0,1,0.062614165,0.063617066
24917.wav,Donald Trump,bona-fide,0,1,0.10599185,0.10699475
24924.wav,Donald Trump,bona-fide,0,1,0.051427964,0.05243087
24934.wav,Donald Trump,bona-fide,0,1,0.06519844,0.06620134
24950.wav,Donald Trump,bona-fide,0,1,0.03723649,0.038239393
24962.wav,Donald Trump,bona-fide,0,1,0.05294874,0.053951643
24963.wav,Donald Trump,bona-fide,0,1,0.04629494,0.047297843
24968.wav,Donald Trump,bona-fide,0,1,0.05438297,0.055385873
24977.wav,Donald Trump,bona-fide,0,1,0.050043426,0.05104633
24981.wav,Donald Trump,bona-fide,0,1,0.10250703,0.10350993
25009.wav,Donald Trump,bona-fide,0,1,0.058113296,0.0591162
25025.wav,Donald Trump,bona-fide,0,1,0.052128416,0.05313132
25029.wav,Donald Trump,bona-fide,0,1,0.08476417,0.08576707
25066.wav,Donald Trump,bona-fide,0,1,0.04084648,0.041849382
25089.wav,Donald Trump,bona-fide,0,1,0.056420624,0.05742353
25093.wav,Donald Trump,bona-fide,0,1,0.06592387,0.06692677
25098.wav,Norm MacDonald,spoof,1,1,0.08660011,0.08760301
25104.wav,Donald Trump,bona-fide,0,1,0.047804244,0.048807148
25109.wav,Donald Trump,bona-fide,0,1,0.061364572,0.062367477
25126.wav,Donald Trump,bona-fide,0,1,0.049268562,0.050271466
25136.wav,Donald Trump,bona-fide,0,1,0.104668476,0.105671376
25158.wav,Donald Trump,bona-fide,0,1,0.041562427,0.04256533
25163.wav,Donald Trump,bona-fide,0,1,0.07549139,0.07649429
25166.wav,Donald Trump,bona-fide,0,1,0.060423054,0.061425958
25174.wav,Donald Trump,bona-fide,0,1,0.11942686,0.12042976
25182.wav,Donald Trump,bona-fide,0,1,0.04053878,0.041541684
25183.wav,Donald Trump,bona-fide,0,1,0.03883684,0.039839745
25187.wav,Donald Trump,bona-fide,0,1,0.04258015,0.043583054
25214.wav,Donald Trump,bona-fide,0,1,0.035417262,0.036420166
25215.wav,Donald Trump,bona-fide,0,1,0.09103298,0.09203588
25227.wav,Donald Trump,bona-fide,0,1,0.083662055,0.084664956
25231.wav,Donald Trump,bona-fide,0,1,0.037175365,0.03817827
25254.wav,Donald Trump,bona-fide,0,1,0.07585889,0.07686179
25256.wav,Donald Trump,bona-fide,0,1,0.07761508,0.07861798
25267.wav,Norm MacDonald,bona-fide,0,1,0.066708796,0.067711696
25281.wav,Donald Trump,bona-fide,0,1,0.055516362,0.056519266
25284.wav,Donald Trump,bona-fide,0,1,0.07095156,0.07195446
25295.wav,Donald Trump,bona-fide,0,1,0.0452646,0.046267506
25307.wav,Donald Trump,bona-fide,0,1,0.10653068,0.10753358
25314.wav,Donald Trump,bona-fide,0,1,0.046003383,0.047006287
25318.wav,Donald Trump,bona-fide,0,1,0.066714525,0.067717426
25319.wav,Donald Trump,spoof,1,1,0.071574196,0.0725771
25325.wav,Donald Trump,bona-fide,0,1,0.080207966,0.08121087
25326.wav,Donald Trump,bona-fide,0,1,0.041721832,0.042724736
25340.wav,Donald Trump,spoof,1,1,0.049075864,0.05007877
25354.wav,Donald Trump,bona-fide,0,1,0.0788861,0.079889
25373.wav,Donald Trump,bona-fide,0,1,0.08271715,0.08372005
25377.wav,Donald Trump,bona-fide,0,1,0.06897306,0.06997596
25387.wav,Donald Trump,bona-fide,0,1,0.04606144,0.047064345
25398.wav,Donald Trump,bona-fide,0,1,0.06581246,0.06681536
25399.wav,Donald Trump,bona-fide,0,1,0.05680371,0.057806615
25404.wav,Donald Trump,bona-fide,0,1,0.054097295,0.0551002
25411.wav,Donald Trump,bona-fide,0,1,0.114122756,0.115125656
25416.wav,Donald Trump,bona-fide,0,1,0.11371355,0.11471645
25435.wav,Donald Trump,bona-fide,0,1,0.051821373,0.052824277
25436.wav,Donald Trump,bona-fide,0,1,0.04132588,0.042328782
25439.wav,Donald Trump,bona-fide,0,1,0.079137236,0.080140136
25451.wav,Donald Trump,bona-fide,0,1,0.07207869,0.07308159
25455.wav,Donald Trump,bona-fide,0,1,0.05259409,0.053596996
25459.wav,Donald Trump,bona-fide,0,1,0.042476982,0.043479886
25460.wav,Donald Trump,bona-fide,0,1,0.07569195,0.07669485
25461.wav,Donald Trump,bona-fide,0,1,0.061186355,0.06218926
25466.wav,Donald Trump,bona-fide,0,1,0.11374396,0.11474686
25467.wav,Donald Trump,bona-fide,0,1,0.06303328,0.06403618
25473.wav,Donald Trump,bona-fide,0,1,0.08353647,0.08453937
25476.wav,Donald Trump,bona-fide,0,1,0.07564823,0.07665113
25489.wav,Donald Trump,bona-fide,0,1,0.053810883,0.054813787
25504.wav,Donald Trump,bona-fide,0,1,0.05393429,0.054937195
25507.wav,Donald Trump,bona-fide,0,1,0.11706759,0.11807049
25508.wav,Norm MacDonald,spoof,1,1,0.09269173,0.09369463
25509.wav,Donald Trump,bona-fide,0,1,0.06265121,0.06365411
25526.wav,Donald Trump,bona-fide,0,1,0.05184271,0.052845612
25539.wav,Donald Trump,bona-fide,0,1,0.066039324,0.067042224
25567.wav,Donald Trump,bona-fide,0,1,0.081328936,0.082331836
25576.wav,Donald Trump,bona-fide,0,1,0.040151324,0.04115423
25579.wav,Donald Trump,bona-fide,0,1,0.058620807,0.05962371
25587.wav,Donald Trump,bona-fide,0,1,0.061936524,0.06293943
25594.wav,Donald Trump,bona-fide,0,1,0.05954605,0.060548954
25603.wav,Donald Trump,bona-fide,0,1,0.11441739,0.11542029
25606.wav,Donald Trump,bona-fide,0,1,0.07937608,0.08037898
25624.wav,Donald Trump,spoof,1,1,0.060477763,0.061480667
25627.wav,Donald Trump,bona-fide,0,1,0.15043107,0.15143397
25628.wav,Donald Trump,bona-fide,0,1,0.09820855,0.09921145
25629.wav,Donald Trump,bona-fide,0,1,0.08672342,0.08772632
25637.wav,Donald Trump,bona-fide,0,1,0.06089439,0.061897293
25640.wav,Donald Trump,bona-fide,0,1,0.11630084,0.117303744
25645.wav,Donald Trump,bona-fide,0,1,0.0567424,0.057745304
25649.wav,Donald Trump,bona-fide,0,1,0.048710752,0.049713656
25650.wav,Donald Trump,bona-fide,0,1,0.053077277,0.05408018
25654.wav,Donald Trump,bona-fide,0,1,0.04427501,0.045277912
25656.wav,Donald Trump,bona-fide,0,1,0.0966423,0.0976452
25671.wav,Donald Trump,bona-fide,0,1,0.046375155,0.04737806
25677.wav,Donald Trump,bona-fide,0,1,0.11849077,0.11949367
25700.wav,Donald Trump,bona-fide,0,1,0.03918665,0.040189553
25710.wav,Donald Trump,bona-fide,0,1,0.055105507,0.05610841
25711.wav,Donald Trump,bona-fide,0,1,0.049763735,0.05076664
25721.wav,Donald Trump,bona-fide,0,1,0.05677841,0.057781313
25729.wav,Donald Trump,spoof,1,1,0.0512178,0.052220702
25759.wav,Donald Trump,bona-fide,0,1,0.09364601,0.09464891
25763.wav,Donald Trump,bona-fide,0,1,0.054888334,0.05589124
25779.wav,Donald Trump,bona-fide,0,1,0.053138107,0.05414101
25791.wav,Donald Trump,bona-fide,0,1,0.053869706,0.05487261
25794.wav,Donald Trump,bona-fide,0,1,0.09017019,0.09117309
25799.wav,Donald Trump,bona-fide,0,1,0.042712037,0.04371494
25807.wav,Donald Trump,bona-fide,0,1,0.043090414,0.04409332
25814.wav,Donald Trump,bona-fide,0,1,0.089792766,0.090795666
25825.wav,Donald Trump,bona-fide,0,1,0.060757685,0.06176059
25826.wav,Donald Trump,bona-fide,0,1,0.050368365,0.05137127
25830.wav,Donald Trump,bona-fide,0,1,0.05335436,0.054357264
25831.wav,Donald Trump,bona-fide,0,1,0.08159965,0.08260255
25835.wav,Donald Trump,bona-fide,0,1,0.03460186,0.035604764
25837.wav,Donald Trump,bona-fide,0,1,0.09541416,0.09641706
25843.wav,Donald Trump,bona-fide,0,1,0.03732503,0.038327932
25850.wav,Donald Trump,bona-fide,0,1,0.063868366,0.06487127
25854.wav,Donald Trump,bona-fide,0,1,0.056583993,0.057586897
25865.wav,Donald Trump,bona-fide,0,1,0.053903706,0.05490661
25886.wav,Donald Trump,bona-fide,0,1,0.04743688,0.048439786
25896.wav,Donald Trump,bona-fide,0,1,0.04066778,0.041670684
25913.wav,Donald Trump,bona-fide,0,1,0.071770206,0.07277311
25933.wav,Norm MacDonald,bona-fide,0,1,0.056905,0.057907905
25940.wav,Donald Trump,bona-fide,0,1,0.072660856,0.073663756
25955.wav,Donald Trump,bona-fide,0,1,0.07522913,0.07623203
25961.wav,Donald Trump,bona-fide,0,1,0.0519265,0.052929405
25997.wav,Donald Trump,bona-fide,0,1,0.055393476,0.05639638
26011.wav,Donald Trump,bona-fide,0,1,0.08137677,0.08237967
26016.wav,Norm MacDonald,spoof,1,1,0.08588318,0.08688608
26023.wav,Donald Trump,bona-fide,0,1,0.066395424,0.067398325
26041.wav,Donald Trump,bona-fide,0,1,0.06921121,0.07021411
26052.wav,Donald Trump,bona-fide,0,1,0.08223194,0.08323484
26061.wav,Norm MacDonald,spoof,1,1,0.1191718,0.1201747
26064.wav,Donald Trump,bona-fide,0,1,0.05334918,0.054352082
26068.wav,Donald Trump,bona-fide,0,1,0.088135846,0.089138746
26078.wav,Donald Trump,bona-fide,0,1,0.09412936,0.09513226
26090.wav,Donald Trump,bona-fide,0,1,0.035563037,0.03656594
26110.wav,Donald Trump,bona-fide,0,1,0.049057256,0.05006016
26125.wav,Donald Trump,bona-fide,0,1,0.12305624,0.12405914
26129.wav,Donald Trump,bona-fide,0,1,0.056583937,0.05758684
26130.wav,Donald Trump,bona-fide,0,1,0.08393462,0.08493752
26158.wav,Donald Trump,bona-fide,0,1,0.0836519,0.0846548
26163.wav,Donald Trump,bona-fide,0,1,0.05166522,0.052668124
26176.wav,Donald Trump,spoof,1,1,0.09761219,0.09861509
26196.wav,Donald Trump,bona-fide,0,1,0.063574076,0.064576976
26197.wav,Donald Trump,bona-fide,0,1,0.09911327,0.10011617
26198.wav,Norm MacDonald,spoof,1,1,0.07891268,0.07991558
26201.wav,Donald Trump,bona-fide,0,1,0.057697378,0.058700282
26207.wav,Donald Trump,bona-fide,0,1,0.09627835,0.09728125
26208.wav,Donald Trump,bona-fide,0,1,0.050885506,0.05188841
26212.wav,Donald Trump,bona-fide,0,1,0.06311204,0.06411494
26224.wav,Donald Trump,bona-fide,0,1,0.07405038,0.07505328
26248.wav,Donald Trump,bona-fide,0,1,0.08457254,0.08557544
26250.wav,Donald Trump,bona-fide,0,1,0.10199644,0.10299934
26254.wav,Donald Trump,bona-fide,0,1,0.09011242,0.09111532
26255.wav,Donald Trump,bona-fide,0,1,0.10155654,0.10255944
26257.wav,Donald Trump,bona-fide,0,1,0.05614608,0.057148986
26264.wav,Donald Trump,bona-fide,0,1,0.057635438,0.05863834
26273.wav,Donald Trump,bona-fide,0,1,0.04110445,0.042107355
26280.wav,Donald Trump,bona-fide,0,1,0.07483203,0.07583493
26282.wav,Donald Trump,bona-fide,0,1,0.08921202,0.09021492
26283.wav,Donald Trump,bona-fide,0,1,0.04218019,0.043183096
26289.wav,Donald Trump,bona-fide,0,1,0.045416683,0.046419587
26290.wav,Donald Trump,bona-fide,0,1,0.06324634,0.06424924
26294.wav,Donald Trump,bona-fide,0,1,0.06393206,0.06493496
26298.wav,Donald Trump,bona-fide,0,1,0.09991201,0.10091491
26308.wav,Donald Trump,bona-fide,0,1,0.042530563,0.043533467
26311.wav,Donald Trump,bona-fide,0,1,0.08559498,0.08659788
26312.wav,Donald Trump,bona-fide,0,1,0.10656354,0.10756644
26315.wav,Donald Trump,bona-fide,0,1,0.052083444,0.053086348
26347.wav,Donald Trump,bona-fide,0,1,0.08428472,0.08528762
26356.wav,Donald Trump,bona-fide,0,1,0.07157371,0.07257661
26378.wav,Donald Trump,bona-fide,0,1,0.065906495,0.066909395
26379.wav,Donald Trump,bona-fide,0,1,0.075232916,0.076235816
26382.wav,Donald Trump,bona-fide,0,1,0.074888505,0.075891405
26402.wav,Donald Trump,bona-fide,0,1,0.0850986,0.0861015
26407.wav,Donald Trump,spoof,1,1,0.09201468,0.09301758
26417.wav,Donald Trump,bona-fide,0,1,0.055809565,0.05681247
26428.wav,Donald Trump,bona-fide,0,1,0.058093786,0.05909669
26449.wav,Donald Trump,bona-fide,0,1,0.07285348,0.07385638
26452.wav,Donald Trump,bona-fide,0,1,0.057468526,0.05847143
26457.wav,Donald Trump,bona-fide,0,1,0.10936995,0.11037285
26471.wav,Donald Trump,bona-fide,0,1,0.113264,0.1142669
26475.wav,Donald Trump,bona-fide,0,1,0.053127952,0.054130856
26487.wav,Donald Trump,bona-fide,0,1,0.047901776,0.04890468
26489.wav,Donald Trump,bona-fide,0,1,0.04993623,0.050939135
26492.wav,Donald Trump,bona-fide,0,1,0.06770175,0.06870465
26515.wav,Donald Trump,bona-fide,0,1,0.061168622,0.062171526
26516.wav,Donald Trump,bona-fide,0,1,0.082041055,0.083043955
26522.wav,Donald Trump,bona-fide,0,1,0.07416655,0.07516945
26525.wav,Donald Trump,bona-fide,0,1,0.05966441,0.060667314
26530.wav,Donald Trump,bona-fide,0,1,0.06957104,0.07057394
26552.wav,Donald Trump,bona-fide,0,1,0.06829073,0.06929363
26560.wav,Donald Trump,bona-fide,0,1,0.041354936,0.04235784
26571.wav,Donald Trump,bona-fide,0,1,0.11163782,0.11264072
26577.wav,Donald Trump,bona-fide,0,1,0.049646523,0.050649427
26579.wav,Donald Trump,bona-fide,0,1,0.10196383,0.10296673
26585.wav,Donald Trump,bona-fide,0,1,0.09427856,0.09528146
26591.wav,Donald Trump,bona-fide,0,1,0.12766083,0.12866373
26597.wav,Donald Trump,bona-fide,0,1,0.054055277,0.05505818
26609.wav,Donald Trump,bona-fide,0,1,0.052514,0.053516906
26613.wav,Norm MacDonald,spoof,1,1,0.08256543,0.08356833
26616.wav,Donald Trump,bona-fide,0,1,0.058451,0.059453905
26623.wav,Donald Trump,bona-fide,0,1,0.08259329,0.08359619
26625.wav,Donald Trump,bona-fide,0,1,0.050060425,0.05106333
26626.wav,Donald Trump,bona-fide,0,1,0.06088334,0.061886244
26627.wav,Donald Trump,bona-fide,0,1,0.06533829,0.06634119
26639.wav,Donald Trump,bona-fide,0,1,0.06453344,0.06553634
26652.wav,Donald Trump,bona-fide,0,1,0.034050077,0.03505298
26656.wav,Donald Trump,bona-fide,0,1,0.073274426,0.07427733
26668.wav,Donald Trump,bona-fide,0,1,0.053400416,0.05440332
26674.wav,Donald Trump,bona-fide,0,1,0.042071242,0.043074146
26680.wav,Donald Trump,spoof,1,1,0.052985154,0.053988058
26684.wav,Donald Trump,bona-fide,0,1,0.043902233,0.044905137
26688.wav,Donald Trump,bona-fide,0,1,0.05910582,0.060108725
26690.wav,Donald Trump,bona-fide,0,1,0.0812491,0.082252
26691.wav,Donald Trump,bona-fide,0,1,0.05346981,0.054472715
26699.wav,Donald Trump,bona-fide,0,1,0.05345912,0.054462023
26710.wav,Donald Trump,bona-fide,0,1,0.08873402,0.08973692
26724.wav,Donald Trump,bona-fide,0,1,0.075103335,0.076106235
26734.wav,Donald Trump,bona-fide,0,1,0.048673827,0.04967673
26737.wav,Donald Trump,bona-fide,0,1,0.047632538,0.04863544
26739.wav,Donald Trump,bona-fide,0,1,0.093997784,0.095000684
26740.wav,Donald Trump,bona-fide,0,1,0.057817537,0.05882044
26754.wav,Donald Trump,bona-fide,0,1,0.13345993,0.13446283
26759.wav,Donald Trump,bona-fide,0,1,0.1320904,0.13309331
26762.wav,Donald Trump,bona-fide,0,1,0.05720868,0.058211584
26771.wav,Donald Trump,bona-fide,0,1,0.050344583,0.051347487
26778.wav,Donald Trump,bona-fide,0,1,0.036116365,0.03711927
26785.wav,Donald Trump,spoof,1,1,0.058245733,0.059248637
26790.wav,Donald Trump,bona-fide,0,1,0.058398146,0.05940105
26791.wav,Donald Trump,bona-fide,0,1,0.05827008,0.059272982
26792.wav,Donald Trump,bona-fide,0,1,0.059364792,0.060367696
26796.wav,Donald Trump,bona-fide,0,1,0.11436298,0.11536588
26798.wav,Donald Trump,bona-fide,0,1,0.079853006,0.080855906
26803.wav,Donald Trump,bona-fide,0,1,0.05251216,0.053515065
26812.wav,Donald Trump,bona-fide,0,1,0.07314838,0.07415128
26819.wav,Donald Trump,bona-fide,0,1,0.06392556,0.06492846
26830.wav,Donald Trump,bona-fide,0,1,0.091026865,0.092029765
26832.wav,Donald Trump,bona-fide,0,1,0.06350657,0.064509474
26843.wav,Donald Trump,bona-fide,0,1,0.054221936,0.05522484
26852.wav,Donald Trump,bona-fide,0,1,0.037689034,0.038691938
26853.wav,Donald Trump,bona-fide,0,1,0.05591912,0.056922022
26854.wav,Donald Trump,bona-fide,0,1,0.10722139,0.10822429
26855.wav,Donald Trump,bona-fide,0,1,0.10211606,0.10311896
26861.wav,Donald Trump,bona-fide,0,1,0.06324471,0.06424761
26865.wav,Donald Trump,bona-fide,0,1,0.04896698,0.049969885
26868.wav,Donald Trump,bona-fide,0,1,0.044596545,0.04559945
26896.wav,Norm MacDonald,bona-fide,0,1,0.12757117,0.12857407
26899.wav,Donald Trump,bona-fide,0,1,0.09464101,0.09564391
26907.wav,Norm MacDonald,bona-fide,0,1,0.054478295,0.0554812
26912.wav,Donald Trump,bona-fide,0,1,0.058842305,0.05984521
26929.wav,Donald Trump,bona-fide,0,1,0.04715931,0.048162214
26936.wav,Donald Trump,bona-fide,0,1,0.05421514,0.055218045
26937.wav,Donald Trump,bona-fide,0,1,0.06837584,0.06937874
26943.wav,Donald Trump,bona-fide,0,1,0.07688506,0.07788796
26950.wav,Donald Trump,bona-fide,0,1,0.11050521,0.11150811
26952.wav,Donald Trump,bona-fide,0,1,0.059226908,0.06022981
26955.wav,Donald Trump,bona-fide,0,1,0.06331903,0.06432193
26970.wav,Donald Trump,bona-fide,0,1,0.09017914,0.09118204
26972.wav,Donald Trump,bona-fide,0,1,0.064832136,0.06583504
26978.wav,Donald Trump,bona-fide,0,1,0.07149327,0.07249617
26981.wav,Donald Trump,bona-fide,0,1,0.09078343,0.09178633
26999.wav,Donald Trump,bona-fide,0,1,0.06637674,0.06737964
27000.wav,Donald Trump,bona-fide,0,1,0.06562933,0.06663223
27002.wav,Donald Trump,bona-fide,0,1,0.06317852,0.06418142
27008.wav,Donald Trump,bona-fide,0,1,0.041419614,0.042422518
27020.wav,Norm MacDonald,spoof,1,1,0.129094,0.13009691
27029.wav,Donald Trump,bona-fide,0,1,0.064216115,0.065219015
27044.wav,Donald Trump,bona-fide,0,1,0.048285704,0.049288608
27046.wav,Donald Trump,bona-fide,0,1,0.09861392,0.09961682
27048.wav,Donald Trump,bona-fide,0,1,0.06762763,0.06863053
27056.wav,Donald Trump,bona-fide,0,1,0.053598367,0.05460127
27058.wav,Donald Trump,bona-fide,0,1,0.124579914,0.12558281
27066.wav,Norm MacDonald,spoof,1,1,0.09352416,0.09452706
27095.wav,Donald Trump,bona-fide,0,1,0.042853452,0.043856356
27111.wav,Donald Trump,bona-fide,0,1,0.057094466,0.05809737
27118.wav,Donald Trump,bona-fide,0,1,0.057103004,0.05810591
27122.wav,Donald Trump,bona-fide,0,1,0.060656995,0.0616599
27127.wav,Donald Trump,bona-fide,0,1,0.08589131,0.08689421
27130.wav,Donald Trump,bona-fide,0,1,0.047964808,0.04896771
27140.wav,Donald Trump,bona-fide,0,1,0.037796233,0.038799137
27152.wav,Donald Trump,bona-fide,0,1,0.072527654,0.073530555
27161.wav,Donald Trump,bona-fide,0,1,0.106034264,0.107037164
27176.wav,Donald Trump,bona-fide,0,1,0.047409777,0.04841268
27184.wav,Donald Trump,bona-fide,0,1,0.06195281,0.062955715
27190.wav,Donald Trump,bona-fide,0,1,0.072031125,0.073034026
27219.wav,Donald Trump,bona-fide,0,1,0.051238738,0.052241642
27228.wav,Donald Trump,bona-fide,0,1,0.046669852,0.047672756
27232.wav,Donald Trump,bona-fide,0,1,0.076985925,0.077988826
27235.wav,Donald Trump,bona-fide,0,1,0.08721903,0.08822193
27253.wav,Donald Trump,spoof,1,1,0.14206806,0.14307097
27257.wav,Donald Trump,bona-fide,0,1,0.0765711,0.077574
27275.wav,Donald Trump,bona-fide,0,1,0.049885444,0.05088835
27281.wav,Donald Trump,bona-fide,0,1,0.06098467,0.061987575
27282.wav,Donald Trump,spoof,1,1,0.19891863,0.19992153
27290.wav,Donald Trump,bona-fide,0,1,0.047496475,0.04849938
27326.wav,Donald Trump,bona-fide,0,1,0.062976815,0.063979715
27332.wav,Donald Trump,bona-fide,0,1,0.067168325,0.068171225
27334.wav,Norm MacDonald,spoof,1,1,0.09325779,0.09426069
27347.wav,Donald Trump,bona-fide,0,1,0.08535281,0.08635571
27355.wav,Donald Trump,bona-fide,0,1,0.05119571,0.052198615
27366.wav,Donald Trump,bona-fide,0,1,0.052585896,0.0535888
27380.wav,Donald Trump,bona-fide,0,1,0.054655887,0.05565879
27381.wav,Donald Trump,bona-fide,0,1,0.056587037,0.05758994
27387.wav,Donald Trump,bona-fide,0,1,0.107524484,0.108527385
27394.wav,Donald Trump,bona-fide,0,1,0.078303,0.0793059
27397.wav,Donald Trump,bona-fide,0,1,0.079639226,0.08064213
27401.wav,Donald Trump,bona-fide,0,1,0.08406657,0.08506947
27402.wav,Donald Trump,bona-fide,0,1,0.061939422,0.062942326
27405.wav,Donald Trump,bona-fide,0,1,0.066711985,0.067714885
27409.wav,Donald Trump,bona-fide,0,1,0.11693055,0.11793345
27413.wav,Donald Trump,bona-fide,0,1,0.054127473,0.055130377
27415.wav,Donald Trump,bona-fide,0,1,0.099428944,0.100431845
27437.wav,Donald Trump,bona-fide,0,1,0.057471804,0.05847471
27439.wav,Donald Trump,bona-fide,0,1,0.05905195,0.060054854
27440.wav,Donald Trump,bona-fide,0,1,0.07812165,0.07912455
27447.wav,Donald Trump,bona-fide,0,1,0.063187644,0.064190544
27470.wav,Donald Trump,bona-fide,0,1,0.046443537,0.04744644
27472.wav,Donald Trump,bona-fide,0,1,0.03649992,0.037502825
27473.wav,Donald Trump,bona-fide,0,1,0.05814738,0.059150282
27480.wav,Donald Trump,bona-fide,0,1,0.05047087,0.051473774
27487.wav,Donald Trump,bona-fide,0,1,0.110417075,0.111419976
27528.wav,Norm MacDonald,spoof,1,1,0.07068013,0.07168303
27555.wav,Donald Trump,bona-fide,0,1,0.082431324,0.083434224
27556.wav,Donald Trump,bona-fide,0,1,0.061122686,0.06212559
27564.wav,Donald Trump,bona-fide,0,1,0.09957738,0.10058028
27567.wav,Donald Trump,bona-fide,0,1,0.08160102,0.082603924
27575.wav,Donald Trump,bona-fide,0,1,0.061748166,0.06275107
27593.wav,Donald Trump,bona-fide,0,1,0.045950893,0.046953797
27615.wav,Donald Trump,bona-fide,0,1,0.06884466,0.06984756
27624.wav,Donald Trump,bona-fide,0,1,0.05685671,0.057859614
27629.wav,Donald Trump,bona-fide,0,1,0.045065146,0.04606805
27633.wav,Donald Trump,bona-fide,0,1,0.061630648,0.06263355
27641.wav,Donald Trump,bona-fide,0,1,0.09052856,0.09153146
27642.wav,Donald Trump,bona-fide,0,1,0.040710226,0.04171313
27655.wav,Donald Trump,bona-fide,0,1,0.0746905,0.0756934
27681.wav,Donald Trump,bona-fide,0,1,0.11861864,0.11962154
27698.wav,Donald Trump,bona-fide,0,1,0.08054379,0.08154669
27699.wav,Donald Trump,bona-fide,0,1,0.05086305,0.051865954
27700.wav,Donald Trump,bona-fide,0,1,0.09677593,0.09777883
27705.wav,Donald Trump,bona-fide,0,1,0.058760345,0.05976325
27711.wav,Donald Trump,bona-fide,0,1,0.06808793,0.06909083
27713.wav,Donald Trump,bona-fide,0,1,0.05492698,0.055929884
27727.wav,Donald Trump,bona-fide,0,1,0.06457263,0.06557553
27729.wav,Donald Trump,bona-fide,0,1,0.105544515,0.106547415
27734.wav,Donald Trump,bona-fide,0,1,0.0562691,0.057272006
27742.wav,Donald Trump,bona-fide,0,1,0.084554456,0.08555736
27743.wav,Donald Trump,bona-fide,0,1,0.040325817,0.04132872
27744.wav,Donald Trump,bona-fide,0,1,0.034630697,0.0356336
27745.wav,Donald Trump,bona-fide,0,1,0.050076462,0.051079366
27746.wav,Donald Trump,bona-fide,0,1,0.15059628,0.15159918
27791.wav,Donald Trump,bona-fide,0,1,0.048473977,0.04947688
27801.wav,Donald Trump,bona-fide,0,1,0.06838722,0.06939012
27802.wav,Donald Trump,bona-fide,0,1,0.06664707,0.06764997
27807.wav,Donald Trump,bona-fide,0,1,0.04386584,0.044868745
27817.wav,Donald Trump,bona-fide,0,1,0.055115916,0.05611882
27818.wav,Donald Trump,bona-fide,0,1,0.063148715,0.064151615
27822.wav,Donald Trump,bona-fide,0,1,0.05709704,0.058099944
27827.wav,Donald Trump,bona-fide,0,1,0.050993945,0.05199685
27831.wav,Donald Trump,bona-fide,0,1,0.0763104,0.077313304
27849.wav,Donald Trump,bona-fide,0,1,0.0732475,0.0742504
27850.wav,Donald Trump,bona-fide,0,1,0.07562946,0.07663236
27863.wav,Donald Trump,bona-fide,0,1,0.078122064,0.079124965
27899.wav,Donald Trump,bona-fide,0,1,0.085031055,0.086033955
27900.wav,Donald Trump,bona-fide,0,1,0.04633288,0.047335785
27913.wav,Donald Trump,bona-fide,0,1,0.08196326,0.082966164
27922.wav,Donald Trump,bona-fide,0,1,0.045638062,0.046640966
27924.wav,Donald Trump,bona-fide,0,1,0.04428594,0.045288842
27926.wav,Donald Trump,bona-fide,0,1,0.06458205,0.06558495
27932.wav,Donald Trump,bona-fide,0,1,0.04967224,0.050675143
27945.wav,Donald Trump,bona-fide,0,1,0.029058727,0.030061629
27949.wav,Donald Trump,bona-fide,0,1,0.04727918,0.048282083
27954.wav,Donald Trump,bona-fide,0,1,0.081671536,0.082674436
27957.wav,Donald Trump,bona-fide,0,1,0.053424723,0.054427627
27964.wav,Donald Trump,bona-fide,0,1,0.120538004,0.121540904
27968.wav,Donald Trump,spoof,1,1,0.054947603,0.055950508
27969.wav,Donald Trump,bona-fide,0,1,0.08753104,0.08853394
27986.wav,Donald Trump,bona-fide,0,1,0.06752763,0.06853053
28001.wav,Donald Trump,bona-fide,0,1,0.06121762,0.062220525
28003.wav,Donald Trump,bona-fide,0,1,0.09475923,0.09576213
28016.wav,Donald Trump,bona-fide,0,1,0.043562587,0.04456549
28018.wav,Donald Trump,bona-fide,0,1,0.03970809,0.040710993
28022.wav,Donald Trump,spoof,1,1,0.102996975,0.103999875
28028.wav,Donald Trump,bona-fide,0,1,0.05967455,0.060677454
28050.wav,Donald Trump,bona-fide,0,1,0.07046961,0.07147251
28061.wav,Donald Trump,bona-fide,0,1,0.08326038,0.08426328
28078.wav,Donald Trump,bona-fide,0,1,0.07003324,0.07103614
28082.wav,Donald Trump,bona-fide,0,1,0.099719234,0.100722134
28088.wav,Donald Trump,bona-fide,0,1,0.048248712,0.049251616
28094.wav,Donald Trump,bona-fide,0,1,0.087318495,0.088321395
28102.wav,Donald Trump,bona-fide,0,1,0.029680735,0.030683637
28105.wav,Donald Trump,bona-fide,0,1,0.05468999,0.055692893
28110.wav,Donald Trump,bona-fide,0,1,0.049152985,0.05015589
28124.wav,Donald Trump,bona-fide,0,1,0.08324216,0.08424506
28129.wav,Donald Trump,bona-fide,0,1,0.05262206,0.053624965
28135.wav,Donald Trump,bona-fide,0,1,0.06476384,0.06576674
28151.wav,Donald Trump,bona-fide,0,1,0.10616007,0.10716297
28152.wav,Donald Trump,bona-fide,0,1,0.05329598,0.054298885
28163.wav,Donald Trump,bona-fide,0,1,0.06578592,0.06678882
28165.wav,Donald Trump,bona-fide,0,1,0.104736865,0.105739765
28169.wav,Donald Trump,bona-fide,0,1,0.0603246,0.061327506
28170.wav,Donald Trump,bona-fide,0,1,0.050817005,0.05181991
28189.wav,Donald Trump,bona-fide,0,1,0.06569974,0.06670264
28193.wav,Donald Trump,bona-fide,0,1,0.039324213,0.040327117
28209.wav,Donald Trump,bona-fide,0,1,0.10907294,0.11007584
28214.wav,Donald Trump,bona-fide,0,1,0.085674204,0.086677104
28217.wav,Donald Trump,bona-fide,0,1,0.056285627,0.05728853
28225.wav,Donald Trump,bona-fide,0,1,0.056451626,0.05745453
28256.wav,Donald Trump,bona-fide,0,1,0.0807386,0.0817415
28257.wav,Donald Trump,bona-fide,0,1,0.08026532,0.08126822
28260.wav,Donald Trump,bona-fide,0,1,0.052847438,0.05385034
28271.wav,Donald Trump,bona-fide,0,1,0.042611152,0.043614056
28277.wav,Donald Trump,bona-fide,0,1,0.09980987,0.10081277
28279.wav,Donald Trump,bona-fide,0,1,0.041422725,0.04242563
28286.wav,Donald Trump,bona-fide,0,1,0.087118916,0.08812182
28287.wav,Donald Trump,bona-fide,0,1,0.075181454,0.076184355
28291.wav,Donald Trump,bona-fide,0,1,0.06796539,0.06896829
28302.wav,Donald Trump,bona-fide,0,1,0.058145996,0.0591489
28307.wav,Donald Trump,bona-fide,0,1,0.055226393,0.056229297
28313.wav,Donald Trump,bona-fide,0,1,0.09452021,0.09552311
28325.wav,Donald Trump,bona-fide,0,1,0.055939704,0.05694261
28343.wav,Donald Trump,bona-fide,0,1,0.06287225,0.06387515
28351.wav,Donald Trump,bona-fide,0,1,0.06302644,0.06402934
28383.wav,Donald Trump,bona-fide,0,1,0.0892085,0.0902114
28404.wav,Donald Trump,bona-fide,0,1,0.048483714,0.04948662
28416.wav,Donald Trump,bona-fide,0,1,0.0413861,0.042389005
28439.wav,Donald Trump,bona-fide,0,1,0.042083252,0.043086156
28446.wav,Donald Trump,bona-fide,0,1,0.0842966,0.0852995
28467.wav,Donald Trump,bona-fide,0,1,0.09296403,0.09396693
28469.wav,Donald Trump,bona-fide,0,1,0.10222492,0.103227824
28477.wav,Donald Trump,bona-fide,0,1,0.055241067,0.05624397
28479.wav,Donald Trump,bona-fide,0,1,0.043872584,0.044875488
28480.wav,Donald Trump,bona-fide,0,1,0.055509668,0.056512572
28482.wav,Donald Trump,bona-fide,0,1,0.04505046,0.046053365
28492.wav,Donald Trump,bona-fide,0,1,0.05388031,0.054883216
28494.wav,Donald Trump,bona-fide,0,1,0.07774779,0.07875069
28495.wav,Donald Trump,bona-fide,0,1,0.08282626,0.08382916
28499.wav,Donald Trump,bona-fide,0,1,0.054969374,0.055972278
28505.wav,Norm MacDonald,spoof,1,1,0.13388978,0.13489269
28512.wav,Donald Trump,bona-fide,0,1,0.059928924,0.060931828
28543.wav,Donald Trump,bona-fide,0,1,0.060440026,0.06144293
28545.wav,Donald Trump,bona-fide,0,1,0.03908765,0.040090553
28573.wav,Norm MacDonald,bona-fide,0,1,0.09169022,0.09269312
28586.wav,Donald Trump,bona-fide,0,1,0.067692,0.0686949
28588.wav,Donald Trump,bona-fide,0,1,0.053335246,0.05433815
28618.wav,Donald Trump,bona-fide,0,1,0.0478479,0.048850805
28645.wav,Donald Trump,bona-fide,0,1,0.07867902,0.07968192
28649.wav,Donald Trump,bona-fide,0,1,0.059057303,0.060060207
28656.wav,Donald Trump,bona-fide,0,1,0.050456394,0.051459298
28671.wav,Donald Trump,bona-fide,0,1,0.07847542,0.07947832
28675.wav,Donald Trump,bona-fide,0,1,0.08226974,0.08327264
28697.wav,Norm MacDonald,spoof,1,1,0.09471064,0.09571354
28702.wav,Donald Trump,bona-fide,0,1,0.06495318,0.06595608
28708.wav,Donald Trump,bona-fide,0,1,0.09535122,0.09635412
28713.wav,Donald Trump,bona-fide,0,1,0.059486885,0.06048979
28728.wav,Donald Trump,bona-fide,0,1,0.06278827,0.06379117
28747.wav,Donald Trump,bona-fide,0,1,0.07494078,0.07594368
28757.wav,Donald Trump,bona-fide,0,1,0.087971605,0.088974506
28762.wav,Donald Trump,bona-fide,0,1,0.044323843,0.045326747
28764.wav,Donald Trump,bona-fide,0,1,0.07314858,0.07415148
28766.wav,Donald Trump,spoof,1,1,0.064886495,0.065889396
28768.wav,Donald Trump,bona-fide,0,1,0.052856088,0.05385899
28786.wav,Donald Trump,spoof,1,1,0.11124087,0.11224377
28815.wav,Donald Trump,bona-fide,0,1,0.12405785,0.12506075
28818.wav,Donald Trump,bona-fide,0,1,0.062088277,0.06309118
28831.wav,Donald Trump,bona-fide,0,1,0.050582264,0.051585168
28834.wav,Donald Trump,bona-fide,0,1,0.08995338,0.09095628
28837.wav,Donald Trump,spoof,1,1,0.050353095,0.051356
28852.wav,Donald Trump,bona-fide,0,1,0.049252097,0.050255
28874.wav,Donald Trump,bona-fide,0,1,0.09050336,0.09150626
28892.wav,Donald Trump,bona-fide,0,1,0.07181212,0.07281502
28955.wav,Donald Trump,spoof,1,1,0.08391356,0.08491646
28967.wav,Donald Trump,spoof,1,1,0.08423002,0.08523292
28969.wav,Donald Trump,bona-fide,0,1,0.04927643,0.050279334
28979.wav,Donald Trump,bona-fide,0,1,0.06051595,0.061518855
28996.wav,Donald Trump,bona-fide,0,1,0.050945897,0.0519488
29010.wav,Donald Trump,bona-fide,0,1,0.047941532,0.048944436
29011.wav,Donald Trump,bona-fide,0,1,0.077870615,0.078873515
29020.wav,Donald Trump,bona-fide,0,1,0.11480116,0.11580406
29021.wav,Donald Trump,bona-fide,0,1,0.06179582,0.06279872
29027.wav,Norm MacDonald,spoof,1,1,0.07016158,0.07116448
29035.wav,Donald Trump,bona-fide,0,1,0.10136667,0.10236957
29038.wav,Donald Trump,bona-fide,0,1,0.041868873,0.042871777
29040.wav,Donald Trump,bona-fide,0,1,0.0928543,0.0938572
29047.wav,Donald Trump,bona-fide,0,1,0.03604046,0.037043363
29068.wav,Donald Trump,bona-fide,0,1,0.04389386,0.044896763
29070.wav,Donald Trump,bona-fide,0,1,0.06586154,0.06686444
29083.wav,Donald Trump,bona-fide,0,1,0.050817966,0.05182087
29085.wav,Donald Trump,bona-fide,0,1,0.07948825,0.08049115
29086.wav,Donald Trump,bona-fide,0,1,0.11040038,0.11140328
29091.wav,Donald Trump,bona-fide,0,1,0.10079487,0.10179777
29097.wav,Donald Trump,bona-fide,0,1,0.04306208,0.044064984
29101.wav,Donald Trump,bona-fide,0,1,0.037669238,0.03867214
29114.wav,Donald Trump,bona-fide,0,1,0.120422006,0.121424906
29117.wav,Donald Trump,bona-fide,0,1,0.08745601,0.08845891
29133.wav,Donald Trump,bona-fide,0,1,0.039900832,0.040903736
29141.wav,Donald Trump,bona-fide,0,1,0.13347884,0.13448174
29160.wav,Donald Trump,bona-fide,0,1,0.059743963,0.060746867
29165.wav,Donald Trump,bona-fide,0,1,0.07745443,0.07845733
29167.wav,Norm MacDonald,spoof,1,1,0.07675258,0.07775548
29168.wav,Donald Trump,bona-fide,0,1,0.03467495,0.035677854
29170.wav,Norm MacDonald,spoof,1,1,0.07256516,0.07356806
29187.wav,Donald Trump,bona-fide,0,1,0.05622186,0.057224765
29196.wav,Donald Trump,bona-fide,0,1,0.06880712,0.06981002
29201.wav,Donald Trump,bona-fide,0,1,0.043210648,0.044213552
29202.wav,Donald Trump,bona-fide,0,1,0.080729775,0.081732675
29232.wav,Donald Trump,bona-fide,0,1,0.041244216,0.04224712
29234.wav,Donald Trump,bona-fide,0,1,0.09753161,0.09853451
29254.wav,Donald Trump,bona-fide,0,1,0.08977742,0.09078032
29257.wav,Donald Trump,bona-fide,0,1,0.050461765,0.05146467
29266.wav,Donald Trump,bona-fide,0,1,0.07742973,0.07843263
29276.wav,Donald Trump,bona-fide,0,1,0.07224913,0.07325203
29278.wav,Donald Trump,bona-fide,0,1,0.054575663,0.055578567
29279.wav,Donald Trump,bona-fide,0,1,0.072628304,0.073631205
29287.wav,Donald Trump,bona-fide,0,1,0.060430374,0.061433278
29303.wav,Donald Trump,bona-fide,0,1,0.10252427,0.10352717
29310.wav,Donald Trump,bona-fide,0,1,0.09182624,0.09282914
29332.wav,Donald Trump,bona-fide,0,1,0.11005641,0.11105931
29333.wav,Donald Trump,spoof,1,1,0.0668022,0.067805104
29336.wav,Donald Trump,bona-fide,0,1,0.092847586,0.093850486
29339.wav,Donald Trump,bona-fide,0,1,0.06386323,0.06486613
29345.wav,Donald Trump,bona-fide,0,1,0.10281732,0.10382022
29348.wav,Donald Trump,bona-fide,0,1,0.090829045,0.091831945
29359.wav,Donald Trump,bona-fide,0,1,0.05403489,0.055037793
29376.wav,Donald Trump,bona-fide,0,1,0.054219224,0.055222128
29377.wav,Donald Trump,bona-fide,0,1,0.04521648,0.046219382
29378.wav,Donald Trump,bona-fide,0,1,0.08717587,0.08817877
29382.wav,Donald Trump,bona-fide,0,1,0.082121044,0.083123945
29384.wav,Donald Trump,bona-fide,0,1,0.040203232,0.041206136
29389.wav,Donald Trump,bona-fide,0,1,0.086822115,0.087825015
29395.wav,Donald Trump,bona-fide,0,1,0.10551237,0.10651527
29396.wav,Donald Trump,bona-fide,0,1,0.07305976,0.07406266
29413.wav,Donald Trump,bona-fide,0,1,0.04388883,0.044891734
29423.wav,Donald Trump,bona-fide,0,1,0.090275966,0.091278866
29425.wav,Donald Trump,spoof,1,1,0.07938851,0.08039141
29427.wav,Donald Trump,bona-fide,0,1,0.048906446,0.04990935
29433.wav,Donald Trump,bona-fide,0,1,0.13375649,0.1347594
29439.wav,Donald Trump,bona-fide,0,1,0.049506206,0.05050911
29442.wav,Donald Trump,bona-fide,0,1,0.07265355,0.07365645
29450.wav,Donald Trump,bona-fide,0,1,0.05323889,0.054241795
29455.wav,Donald Trump,bona-fide,0,1,0.054576006,0.05557891
29462.wav,Donald Trump,bona-fide,0,1,0.057800848,0.058803752
29470.wav,Donald Trump,bona-fide,0,1,0.0861592,0.0871621
29474.wav,Donald Trump,bona-fide,0,1,0.05279071,0.053793613
29475.wav,Norm MacDonald,spoof,1,1,0.0981196,0.0991225
29476.wav,Donald Trump,bona-fide,0,1,0.057634357,0.05863726
29477.wav,Donald Trump,bona-fide,0,1,0.07398386,0.07498676
29494.wav,Donald Trump,bona-fide,0,1,0.09728449,0.09828739
29495.wav,Donald Trump,bona-fide,0,1,0.049404472,0.050407376
29505.wav,Donald Trump,bona-fide,0,1,0.07990311,0.08090601
29507.wav,Donald Trump,bona-fide,0,1,0.09355312,0.09455602
29508.wav,Donald Trump,bona-fide,0,1,0.13586915,0.13687205
29521.wav,Donald Trump,bona-fide,0,1,0.08642357,0.08742647
29524.wav,Donald Trump,bona-fide,0,1,0.092755236,0.093758136
29531.wav,Donald Trump,bona-fide,0,1,0.061720412,0.062723316
29539.wav,Donald Trump,bona-fide,0,1,0.066900805,0.067903705
29540.wav,Donald Trump,bona-fide,0,1,0.06486672,0.06586962
29544.wav,Donald Trump,bona-fide,0,1,0.083921924,0.084924825
29545.wav,Donald Trump,bona-fide,0,1,0.046401486,0.04740439
29555.wav,Donald Trump,bona-fide,0,1,0.044335403,0.045338307
29563.wav,Donald Trump,bona-fide,0,1,0.08006998,0.08107288
29570.wav,Donald Trump,bona-fide,0,1,0.043096792,0.044099696
29572.wav,Donald Trump,bona-fide,0,1,0.07282505,0.07382795
29573.wav,Donald Trump,bona-fide,0,1,0.09763585,0.09863875
29574.wav,Donald Trump,bona-fide,0,1,0.04164118,0.042644083
29577.wav,Donald Trump,spoof,1,1,0.18461552,0.18561843
29580.wav,Donald Trump,bona-fide,0,1,0.14337562,0.14437853
29591.wav,Donald Trump,bona-fide,0,1,0.06751127,0.06851417
29602.wav,Donald Trump,bona-fide,0,1,0.05196809,0.052970994
29608.wav,Donald Trump,bona-fide,0,1,0.077452324,0.078455225
29609.wav,Donald Trump,bona-fide,0,1,0.05429832,0.055301223
29613.wav,Donald Trump,bona-fide,0,1,0.072793655,0.073796555
29619.wav,Norm MacDonald,spoof,1,1,0.0920732,0.0930761
29631.wav,Donald Trump,bona-fide,0,1,0.06573449,0.06673739
29632.wav,Donald Trump,bona-fide,0,1,0.11602299,0.11702589
29644.wav,Donald Trump,bona-fide,0,1,0.08158898,0.082591884
29662.wav,Donald Trump,bona-fide,0,1,0.07934495,0.08034785
29663.wav,Donald Trump,bona-fide,0,1,0.057660516,0.05866342
29667.wav,Donald Trump,bona-fide,0,1,0.10652746,0.10753036
29670.wav,Donald Trump,bona-fide,0,1,0.0813431,0.082346
29671.wav,Donald Trump,bona-fide,0,1,0.10548667,0.10648957
29674.wav,Donald Trump,bona-fide,0,1,0.040603716,0.04160662
29676.wav,Donald Trump,bona-fide,0,1,0.091512695,0.092515595
29685.wav,Donald Trump,bona-fide,0,1,0.04535194,0.046354845
29699.wav,Donald Trump,bona-fide,0,1,0.06870555,0.06970845
29703.wav,Donald Trump,bona-fide,0,1,0.07300647,0.074009374
29725.wav,Donald Trump,bona-fide,0,1,0.07787566,0.07887856
29727.wav,Donald Trump,bona-fide,0,1,0.03482665,0.035829555
29730.wav,Donald Trump,bona-fide,0,1,0.042260874,0.043263778
29734.wav,Donald Trump,bona-fide,0,1,0.06494995,0.06595285
29739.wav,Donald Trump,bona-fide,0,1,0.05660688,0.057609785
29749.wav,Donald Trump,bona-fide,0,1,0.06870047,0.06970337
29755.wav,Donald Trump,bona-fide,0,1,0.115775526,0.116778426
29765.wav,Donald Trump,bona-fide,0,1,0.049518786,0.05052169
29780.wav,Donald Trump,spoof,1,1,0.07115821,0.07216111
29782.wav,Donald Trump,bona-fide,0,1,0.032769077,0.03377198
29786.wav,Donald Trump,bona-fide,0,1,0.032765854,0.03376876
29793.wav,Donald Trump,bona-fide,0,1,0.100111835,0.101114735
29810.wav,Donald Trump,bona-fide,0,1,0.0754345,0.0764374
29821.wav,Donald Trump,bona-fide,0,1,0.06697922,0.06798212
29829.wav,Donald Trump,bona-fide,0,1,0.038600147,0.03960305
29859.wav,Donald Trump,bona-fide,0,1,0.04371974,0.044722643
29860.wav,Donald Trump,bona-fide,0,1,0.06762049,0.068623394
29862.wav,Donald Trump,bona-fide,0,1,0.07712204,0.07812494
29887.wav,Donald Trump,bona-fide,0,1,0.08744137,0.08844427
29891.wav,Donald Trump,bona-fide,0,1,0.060997605,0.06200051
29918.wav,Donald Trump,bona-fide,0,1,0.07902826,0.080031164
29920.wav,Donald Trump,bona-fide,0,1,0.06109452,0.062097423
29924.wav,Donald Trump,bona-fide,0,1,0.04847663,0.049479533
29937.wav,Donald Trump,bona-fide,0,1,0.06634194,0.06734484
29953.wav,Donald Trump,bona-fide,0,1,0.07725824,0.07826114
29956.wav,Donald Trump,bona-fide,0,1,0.07873007,0.07973297
29962.wav,Donald Trump,spoof,1,1,0.20811774,0.20912065
29974.wav,Donald Trump,bona-fide,0,1,0.068110056,0.06911296
29978.wav,Donald Trump,bona-fide,0,1,0.0698486,0.0708515
29984.wav,Norm MacDonald,spoof,1,1,0.062788695,0.063791595
29985.wav,Donald Trump,bona-fide,0,1,0.061077524,0.062080428
29990.wav,Donald Trump,bona-fide,0,1,0.08582416,0.08682706
29999.wav,Donald Trump,bona-fide,0,1,0.061808903,0.06281181
30002.wav,Donald Trump,bona-fide,0,1,0.09442388,0.09542678
30019.wav,Donald Trump,bona-fide,0,1,0.04872258,0.049725484
30022.wav,Donald Trump,bona-fide,0,1,0.11227701,0.11327991
30030.wav,Donald Trump,bona-fide,0,1,0.06730028,0.06830318
30032.wav,Donald Trump,bona-fide,0,1,0.05182059,0.052823495
30037.wav,Donald Trump,bona-fide,0,1,0.08128526,0.08228816
30046.wav,Donald Trump,bona-fide,0,1,0.07305731,0.07406021
30049.wav,Donald Trump,bona-fide,0,1,0.059391692,0.060394596
30056.wav,Donald Trump,bona-fide,0,1,0.07796033,0.07896323
30057.wav,Donald Trump,bona-fide,0,1,0.064752124,0.065755025
30080.wav,Donald Trump,bona-fide,0,1,0.05976449,0.060767394
30084.wav,Donald Trump,bona-fide,0,1,0.077438645,0.078441545
30095.wav,Donald Trump,bona-fide,0,1,0.05048042,0.051483326
30096.wav,Donald Trump,bona-fide,0,1,0.05392958,0.054932483
30099.wav,Donald Trump,bona-fide,0,1,0.049542062,0.050544966
30101.wav,Donald Trump,bona-fide,0,1,0.05193104,0.052933943
30104.wav,Norm MacDonald,spoof,1,1,0.07041025,0.07141315
30111.wav,Donald Trump,bona-fide,0,1,0.06514296,0.06614586
30116.wav,Donald Trump,bona-fide,0,1,0.076298244,0.077301145
30120.wav,Donald Trump,bona-fide,0,1,0.06129219,0.062295094
30138.wav,Donald Trump,bona-fide,0,1,0.104839526,0.10584243
30161.wav,Donald Trump,bona-fide,0,1,0.06611568,0.06711858
30162.wav,Donald Trump,bona-fide,0,1,0.043663047,0.04466595
30193.wav,Donald Trump,bona-fide,0,1,0.054447,0.055449903
30196.wav,Donald Trump,bona-fide,0,1,0.085717484,0.086720385
30227.wav,Donald Trump,bona-fide,0,1,0.096372455,0.097375356
30235.wav,Donald Trump,bona-fide,0,1,0.05855783,0.059560735
30244.wav,Donald Trump,bona-fide,0,1,0.046791174,0.047794078
30248.wav,Donald Trump,bona-fide,0,1,0.044580147,0.04558305
30249.wav,Donald Trump,bona-fide,0,1,0.057139095,0.058142
30253.wav,Donald Trump,bona-fide,0,1,0.057240456,0.05824336
30254.wav,Donald Trump,bona-fide,0,1,0.06923133,0.07023423
30256.wav,Donald Trump,bona-fide,0,1,0.04594112,0.046944022
30265.wav,Donald Trump,bona-fide,0,1,0.069652446,0.070655346
30269.wav,Donald Trump,bona-fide,0,1,0.045558654,0.046561558
30281.wav,Donald Trump,bona-fide,0,1,0.08282488,0.08382778
30285.wav,Donald Trump,bona-fide,0,1,0.06396796,0.06497086
30288.wav,Norm MacDonald,spoof,1,1,0.08828374,0.08928664
30289.wav,Donald Trump,bona-fide,0,1,0.056811042,0.057813946
30308.wav,Donald Trump,spoof,1,1,0.049572095,0.050575
30317.wav,Donald Trump,bona-fide,0,1,0.061811563,0.06281447
30318.wav,Donald Trump,spoof,1,1,0.046815988,0.04781889
30349.wav,Donald Trump,bona-fide,0,1,0.061757658,0.06276056
30352.wav,Donald Trump,bona-fide,0,1,0.07802618,0.07902908
30374.wav,Donald Trump,bona-fide,0,1,0.07008474,0.07108764
30375.wav,Donald Trump,bona-fide,0,1,0.06430445,0.06530735
30381.wav,Donald Trump,bona-fide,0,1,0.053378,0.054380905
30387.wav,Donald Trump,bona-fide,0,1,0.048197523,0.049200427
30401.wav,Donald Trump,bona-fide,0,1,0.045080636,0.04608354
30403.wav,Donald Trump,bona-fide,0,1,0.034245312,0.035248216
30408.wav,Donald Trump,bona-fide,0,1,0.03598805,0.036990955
30423.wav,Donald Trump,bona-fide,0,1,0.10939449,0.11039739
30449.wav,Donald Trump,bona-fide,0,1,0.068096876,0.06909978
30465.wav,Donald Trump,bona-fide,0,1,0.06290488,0.06390778
30484.wav,Donald Trump,bona-fide,0,1,0.05880622,0.059809122
30488.wav,Donald Trump,bona-fide,0,1,0.064769745,0.065772645
30498.wav,Donald Trump,bona-fide,0,1,0.050699774,0.05170268
30514.wav,Donald Trump,bona-fide,0,1,0.07461552,0.07561842
30522.wav,Donald Trump,bona-fide,0,1,0.06880093,0.069803834
30533.wav,Donald Trump,bona-fide,0,1,0.04647694,0.047479846
30534.wav,Donald Trump,bona-fide,0,1,0.08815267,0.08915557
30547.wav,Donald Trump,bona-fide,0,1,0.08241808,0.08342098
30555.wav,Donald Trump,bona-fide,0,1,0.08146338,0.08246628
30578.wav,Donald Trump,bona-fide,0,1,0.062109422,0.063112326
30590.wav,Donald Trump,bona-fide,0,1,0.040040713,0.041043617
30591.wav,Donald Trump,bona-fide,0,1,0.10819762,0.10920052
30592.wav,Donald Trump,bona-fide,0,1,0.0617831,0.062786005
30594.wav,Norm MacDonald,spoof,1,1,0.06741246,0.06841536
30606.wav,Donald Trump,bona-fide,0,1,0.053814422,0.054817326
30613.wav,Donald Trump,bona-fide,0,1,0.045955665,0.04695857
30616.wav,Donald Trump,bona-fide,0,1,0.041248202,0.042251106
30635.wav,Donald Trump,bona-fide,0,1,0.055958424,0.056961328
30641.wav,Donald Trump,bona-fide,0,1,0.03961388,0.040616784
30649.wav,Donald Trump,bona-fide,0,1,0.078139305,0.079142205
30651.wav,Donald Trump,bona-fide,0,1,0.11808898,0.11909188
30670.wav,Norm MacDonald,bona-fide,0,1,0.06387802,0.06488092
30682.wav,Donald Trump,bona-fide,0,1,0.09219579,0.09319869
30686.wav,Donald Trump,bona-fide,0,1,0.079949856,0.080952756
30705.wav,Donald Trump,bona-fide,0,1,0.06617647,0.06717937
30710.wav,Donald Trump,bona-fide,0,1,0.06072582,0.061728723
30716.wav,Donald Trump,bona-fide,0,1,0.0818634,0.0828663
30724.wav,Donald Trump,bona-fide,0,1,0.06939334,0.07039624
30726.wav,Donald Trump,bona-fide,0,1,0.057489466,0.05849237
30733.wav,Donald Trump,bona-fide,0,1,0.109790914,0.110793814
30737.wav,Donald Trump,bona-fide,0,1,0.10765717,0.10866007
30740.wav,Donald Trump,bona-fide,0,1,0.102369204,0.103372104
30771.wav,Donald Trump,bona-fide,0,1,0.13975182,0.14075473
30779.wav,Donald Trump,bona-fide,0,1,0.04785224,0.048855145
30780.wav,Donald Trump,bona-fide,0,1,0.038966954,0.039969858
30789.wav,Donald Trump,bona-fide,0,1,0.06566114,0.06666404
30796.wav,Donald Trump,bona-fide,0,1,0.06594788,0.06695078
30803.wav,Donald Trump,bona-fide,0,1,0.053146824,0.05414973
30813.wav,Donald Trump,bona-fide,0,1,0.093320005,0.094322905
30816.wav,Donald Trump,bona-fide,0,1,0.04619639,0.047199294
30821.wav,Donald Trump,bona-fide,0,1,0.09339043,0.09439333
30829.wav,Donald Trump,bona-fide,0,1,0.073919,0.0749219
30833.wav,Donald Trump,bona-fide,0,1,0.04717751,0.048180413
30848.wav,Donald Trump,bona-fide,0,1,0.045116287,0.04611919
30853.wav,Donald Trump,bona-fide,0,1,0.044232026,0.04523493
30858.wav,Donald Trump,bona-fide,0,1,0.05483226,0.055835165
30872.wav,Donald Trump,bona-fide,0,1,0.065088294,0.066091195
30876.wav,Donald Trump,bona-fide,0,1,0.07944031,0.08044321
30883.wav,Donald Trump,bona-fide,0,1,0.052515455,0.05351836
30896.wav,Donald Trump,bona-fide,0,1,0.077567585,0.078570485
30897.wav,Donald Trump,bona-fide,0,1,0.06498266,0.06598556
30915.wav,Donald Trump,bona-fide,0,1,0.08048057,0.08148347
30919.wav,Donald Trump,bona-fide,0,1,0.09508684,0.09608974
30930.wav,Norm MacDonald,spoof,1,1,0.081597134,0.082600035
30959.wav,Donald Trump,spoof,1,1,0.06463037,0.06563327
30963.wav,Donald Trump,bona-fide,0,1,0.088797666,0.08980057
30976.wav,Donald Trump,bona-fide,0,1,0.07420549,0.07520839
30979.wav,Donald Trump,bona-fide,0,1,0.05030375,0.051306654
31001.wav,Donald Trump,bona-fide,0,1,0.05056106,0.051563963
31011.wav,Donald Trump,bona-fide,0,1,0.072093666,0.073096566
31012.wav,Donald Trump,bona-fide,0,1,0.11231836,0.11332126
31025.wav,Donald Trump,bona-fide,0,1,0.082670964,0.083673865
31031.wav,Donald Trump,bona-fide,0,1,0.048773237,0.04977614
31038.wav,Donald Trump,bona-fide,0,1,0.06719777,0.06820067
31048.wav,Donald Trump,bona-fide,0,1,0.037116986,0.03811989
31053.wav,Donald Trump,bona-fide,0,1,0.06565445,0.06665735
31064.wav,Donald Trump,bona-fide,0,1,0.050460964,0.05146387
31073.wav,Donald Trump,bona-fide,0,1,0.0423691,0.043372005
31075.wav,Donald Trump,bona-fide,0,1,0.06290502,0.06390792
31088.wav,Donald Trump,bona-fide,0,1,0.040878624,0.041881528
31098.wav,Donald Trump,bona-fide,0,1,0.038720835,0.03972374
31102.wav,Donald Trump,bona-fide,0,1,0.09447508,0.09547798
31106.wav,Donald Trump,bona-fide,0,1,0.060916815,0.06191972
31111.wav,Donald Trump,bona-fide,0,1,0.08942108,0.09042398
31146.wav,Donald Trump,bona-fide,0,1,0.061597053,0.06259996
31147.wav,Donald Trump,bona-fide,0,1,0.045097534,0.046100438
31152.wav,Donald Trump,bona-fide,0,1,0.04266337,0.043666273
31165.wav,Donald Trump,bona-fide,0,1,0.052048292,0.053051196
31167.wav,Donald Trump,bona-fide,0,1,0.06272617,0.06372907
31179.wav,Donald Trump,bona-fide,0,1,0.05938968,0.060392585
31184.wav,Donald Trump,bona-fide,0,1,0.09865111,0.09965401
31188.wav,Donald Trump,bona-fide,0,1,0.058771733,0.059774637
31193.wav,Donald Trump,bona-fide,0,1,0.054166924,0.05516983
31198.wav,Donald Trump,bona-fide,0,1,0.06367724,0.06468014
31206.wav,Donald Trump,bona-fide,0,1,0.044358395,0.0453613
31220.wav,Donald Trump,bona-fide,0,1,0.068366274,0.069369175
31239.wav,Donald Trump,bona-fide,0,1,0.08845882,0.08946172
31246.wav,Donald Trump,bona-fide,0,1,0.0908111,0.091814004
31251.wav,Donald Trump,bona-fide,0,1,0.06552748,0.06653038
31255.wav,Donald Trump,bona-fide,0,1,0.08936799,0.09037089
31264.wav,Donald Trump,spoof,1,1,0.06080966,0.061812565
31269.wav,Donald Trump,bona-fide,0,1,0.0920388,0.0930417
31276.wav,Donald Trump,spoof,1,1,0.06633249,0.06733539
31295.wav,Donald Trump,bona-fide,0,1,0.07268068,0.07368358
31302.wav,Donald Trump,bona-fide,0,1,0.05762155,0.058624454
31308.wav,Donald Trump,bona-fide,0,1,0.113010705,0.114013605
31313.wav,Donald Trump,bona-fide,0,1,0.091403306,0.092406206
31330.wav,Donald Trump,bona-fide,0,1,0.04457387,0.045576774
31344.wav,Donald Trump,bona-fide,0,1,0.08537142,0.08637432
31361.wav,Donald Trump,bona-fide,0,1,0.1000781,0.101081
31362.wav,Donald Trump,bona-fide,0,1,0.051428255,0.05243116
31373.wav,Donald Trump,bona-fide,0,1,0.061778124,0.06278103
31385.wav,Donald Trump,bona-fide,0,1,0.05818671,0.059189614
31388.wav,Donald Trump,spoof,1,1,0.075823754,0.076826654
31391.wav,Donald Trump,bona-fide,0,1,0.07484489,0.07584779
31397.wav,Donald Trump,bona-fide,0,1,0.04854292,0.049545825
31416.wav,Donald Trump,bona-fide,0,1,0.053256694,0.0542596
31419.wav,Donald Trump,bona-fide,0,1,0.06286632,0.06386922
31422.wav,Donald Trump,bona-fide,0,1,0.040815543,0.041818447
31436.wav,Donald Trump,bona-fide,0,1,0.051850177,0.05285308
31439.wav,Donald Trump,bona-fide,0,1,0.044186894,0.045189798
31442.wav,Donald Trump,bona-fide,0,1,0.05679915,0.057802055
31453.wav,Donald Trump,bona-fide,0,1,0.06265971,0.06366261
31459.wav,Donald Trump,bona-fide,0,1,0.050270528,0.05127343
31460.wav,Donald Trump,bona-fide,0,1,0.046537384,0.04754029
31489.wav,Donald Trump,bona-fide,0,1,0.04885654,0.049859446
31493.wav,Donald Trump,bona-fide,0,1,0.032864176,0.03386708
31500.wav,Donald Trump,bona-fide,0,1,0.04916164,0.050164543
31504.wav,Donald Trump,bona-fide,0,1,0.045673694,0.0466766
31506.wav,Donald Trump,bona-fide,0,1,0.061181415,0.06218432
31531.wav,Donald Trump,bona-fide,0,1,0.058119036,0.05912194
31533.wav,Donald Trump,bona-fide,0,1,0.059013456,0.06001636
31539.wav,Donald Trump,spoof,1,1,0.074083835,0.075086735
31547.wav,Donald Trump,bona-fide,0,1,0.089721516,0.090724416
31548.wav,Donald Trump,bona-fide,0,1,0.035389047,0.03639195
31553.wav,Donald Trump,bona-fide,0,1,0.052772027,0.05377493
31565.wav,Donald Trump,bona-fide,0,1,0.07399535,0.07499825
31585.wav,Donald Trump,bona-fide,0,1,0.08844595,0.08944885
31603.wav,Donald Trump,bona-fide,0,1,0.06486089,0.06586379
31618.wav,Donald Trump,bona-fide,0,1,0.04509393,0.046096835
31624.wav,Donald Trump,bona-fide,0,1,0.054220494,0.055223398
31635.wav,Donald Trump,bona-fide,0,1,0.06379687,0.06479977
31646.wav,Donald Trump,bona-fide,0,1,0.10098214,0.10198504
31663.wav,Donald Trump,bona-fide,0,1,0.08548917,0.08649207
31681.wav,Donald Trump,bona-fide,0,1,0.04479896,0.045801863
31684.wav,Donald Trump,bona-fide,0,1,0.048665293,0.049668197
31691.wav,Donald Trump,bona-fide,0,1,0.08290576,0.08390866
31698.wav,Donald Trump,bona-fide,0,1,0.082055174,0.083058074
31701.wav,Donald Trump,bona-fide,0,1,0.06851827,0.069521174
31706.wav,Donald Trump,bona-fide,0,1,0.049787782,0.050790686
31710.wav,Donald Trump,bona-fide,0,1,0.06845425,0.06945715
31721.wav,Donald Trump,bona-fide,0,1,0.048689198,0.0496921
31722.wav,Donald Trump,spoof,1,1,0.2095391,0.21054201
31724.wav,Donald Trump,bona-fide,0,1,0.08247482,0.08347772
31725.wav,Donald Trump,bona-fide,0,1,0.06426277,0.06526567
31733.wav,Donald Trump,bona-fide,0,1,0.05176552,0.052768424
31745.wav,Donald Trump,bona-fide,0,1,0.096420586,0.09742349
31757.wav,Donald Trump,spoof,1,1,0.04169664,0.042699546
31764.wav,Donald Trump,bona-fide,0,1,0.060120326,0.06112323
31768.wav,Donald Trump,bona-fide,0,1,0.043651048,0.044653952
31775.wav,Donald Trump,bona-fide,0,1,0.15604511,0.15704802
31776.wav,Donald Trump,bona-fide,0,1,0.09491738,0.09592028
